,created_at,id,id_str,full_text,truncated,display_text_range,entities,source,in_reply_to_status_id,in_reply_to_status_id_str,in_reply_to_user_id,in_reply_to_user_id_str,in_reply_to_screen_name,user_id,user_id_str,geo,coordinates,place,contributors,is_quote_status,retweet_count,favorite_count,reply_count,quote_count,conversation_id,conversation_id_str,favorited,retweeted,lang,supplemental_language,extended_entities,possibly_sensitive,possibly_sensitive_editable,self_thread,card,quoted_status_id,quoted_status_id_str,quoted_status_permalink
1367396139746488328,Thu Mar 04 08:46:59 +0000 2021,1367396139746488328,1367396139746488328,@yunesh_k ‡∂ö‡∑è‡∂±‡∑ä‡∂≠‡∑è‡∑Ä‡∂±‡∑ä‡∂ß ‡∑Ñ‡∑í‡∂ª‡∂∏‡∂± ‡∂Ω‡∂∂‡∑è‡∂Ø‡∑ì‡∂∏‡∑ö ‡∑Ä‡∑ä‚Äç‡∂∫‡∑è‡∂¥‡∑è‡∂ª‡∂∫‡∂ö‡∑ä ‡∂¥‡∂ß‡∂±‡∑ä‡∂ú‡∂∏‡∑î‡∂Ø,False,"[10, 55]","{'hashtags': [], 'symbols': [], 'user_mentions': [{'screen_name': 'yunesh_k', 'name': 'Beauty of the Sri Lanka ‚ù§Ô∏èüá±üá∞üôè', 'id': 333357644, 'id_str': '333357644', 'indices': [0, 9]}], 'urls': []}","<a href=""http://twitter.com/download/android"" rel=""nofollow"">Twitter for Android</a>",1.3673797899678556e+18,1367379789967855617,333357644.0,333357644,yunesh_k,2533578847,2533578847,,,,,False,0,20,8,0,1367379789967855617,1367379789967855617,False,False,si,,,,,,,,,
527436291173269504,Wed Oct 29 12:26:25 +0000 2014,527436291173269504,527436291173269504,"‡∑Ñ‡∑í‡∂≠ ‡∂∏‡∂ú‡∑ô‡∂≠‡∑ä ‡∂ë‡∂ö‡∑ä‡∂ö ‡∂≠‡∂ª‡∑Ñ‡∑Ä‡∑ô‡∂Ω‡∑è
‡∂ª‡∑ê‡∂¥‡∑ä ‡∑É‡∑ô‡∂Ω‡∑ä‡∂Ω‡∂∏‡∂≠‡∑ä ‡∂ë‡∂ö‡∑ä‡∂ö ‡∂∫‡∑è‡∂Ω‡∑î‡∑Ä‡∑ô‡∂Ω‡∑è
‡∑É‡∑í‡∂Ç‡∑Ñ‡∂Ω‡∂≠‡∑ä ‡∂ë‡∂ö‡∑ä‡∂ö ‡∂Ø‡∑ì‡∂ú ‡∂ú‡∑í‡∑Ñ‡∑í‡∂±‡∑ä
‡∂í ‡∂ö‡∑í‡∂∏‡∑ä‡∂∂ ‡∂±‡∑í‡∑É‡∑è ‡∂∏‡∂Ç ‡∂ú‡∑ô‡∂∏‡∑ä‡∂∂ ‡∑Ä‡∑ö‡∂Ω‡∑è
#Kesara_sinhala",False,"[0, 117]","{'hashtags': [{'text': 'Kesara_sinhala', 'indices': [102, 117]}], 'symbols': [], 'user_mentions': [], 'urls': []}","<a href=""http://www.facebook.com/twitter"" rel=""nofollow"">Facebook</a>",,,,,,92488452,92488452,,,,,False,0,0,0,0,527436291173269504,527436291173269504,False,False,si,,,,,,,,,
1253967614704971777,Sat Apr 25 08:42:31 +0000 2020,1253967614704971777,1253967614704971777,@sudunona1234 ‡∂í ‡∑Ä‡∑ö‡∑É ‡∂ö‡∑í‡∂∏‡∑ä‡∂∂,False,"[14, 25]","{'hashtags': [], 'symbols': [], 'user_mentions': [], 'urls': []}","<a href=""http://twitter.com/download/android"" rel=""nofollow"">Twitter for Android</a>",1.2539175626493501e+18,1253917562649350145,1.1628748620518154e+18,1162874862051815431,sonayabigass,1181545300508307461,1181545300508307461,,,,,False,0,1,0,0,1253917562649350145,1253917562649350145,False,False,si,,,,,,,,,
650736985724686337,Sun Oct 04 18:19:22 +0000 2015,650736985724686337,650736985724686337,@ExcuzeMi @CrazyHesH @NightWingzzz ‡∂ï‡∂ö ‡∂î‡∂±‡∑ä‡∂±‡∂∏‡∑ä ‡∂ö‡∑í‡∂∏‡∑ä‡∂∂+‡∂ã‡∂Ω‡∑ä‡∂Ω‡∑î ‡∂ö‡∑í‡∂∫‡∂Ω‡∂≠‡∑ä ‡∂ú‡∂≠‡∑ä‡∂≠‡∑ë‡∂ö‡∑í üòãüòà,False,"[0, 74]","{'hashtags': [], 'symbols': [], 'user_mentions': [{'screen_name': 'ExcuzeMi', 'name': 'Oli', 'id': 582633677, 'id_str': '582633677', 'indices': [0, 9]}, {'screen_name': 'CrazyHesH', 'name': 'Avinath', 'id': 906057763, 'id_str': '906057763', 'indices': [10, 20]}, {'screen_name': 'NightWingzzz', 'name': 'Nightwing¬Æüá±üá∞', 'id': 2369956382, 'id_str': '2369956382', 'indices': [21, 34]}], 'urls': []}","<a href=""http://twitter.com/download/iphone"" rel=""nofollow"">Twitter for iPhone</a>",6.507360527605023e+17,650736052760502276,582633677.0,582633677,ExcuzeMi,911573887,911573887,,,,,False,1,1,0,0,650726199644151808,650726199644151808,False,False,si,,,,,,,,,
832604051564933120,Fri Feb 17 14:54:09 +0000 2017,832604051564933120,832604051564933120,‡∂ö‡∂ª‡∑î‡∂∏‡∑ô‡∂ß ‡∂≠‡∂∏‡∑è ‡∂Ö‡∂¥‡∑í‡∂ß ‡∂ö‡∑í‡∂∏‡∑ä‡∂∂‡∂ö‡∑ä ‡∂±‡∑ê‡∂≠‡∑ä‡∂≠‡∑ö. ‡∂≠‡∑í‡∂∂‡∑ä‡∂∂ ‡∂±‡∂∏‡∑ä ‡∂¥‡∑î‡∂¥ ‡∂Ø‡∑ô‡∂±‡∑ä‡∂± ‡∂≠‡∑í‡∂∂‡∑ä‡∂∂‡∑è ‡∂∏‡∑ö‡∂∏ ‡∂∏‡∑ö‡∂∏!,False,"[0, 67]","{'hashtags': [], 'symbols': [], 'user_mentions': [], 'urls': []}","<a href=""http://twitter.com/download/android"" rel=""nofollow"">Twitter for Android</a>",,,,,,246224922,246224922,,,,,False,0,4,2,0,832604051564933120,832604051564933120,False,False,si,,,,,,,,,
998503997429506050,Mon May 21 10:01:18 +0000 2018,998503997429506050,998503997429506050,‡∂±‡∑í‡∂Ω‡∑î‡∑Ç‡∑í ‡∂ö‡∑í‡∂∏‡∑ä‡∂∂ ‡∂¥‡∑î‡∂ß‡∑î‡∑Ä‡∑ô‡∂≠‡∑ä ‡∂Ö‡∂≠‡∑î‡∂Ω‡∑ä‡∂Ω‡∂±‡∑Ä‡∑è,False,"[0, 31]","{'hashtags': [], 'symbols': [], 'user_mentions': [], 'urls': []}","<a href=""http://hornyagent.net"" rel=""nofollow"">hukanawa.com</a>",,,,,,996787115072610305,996787115072610305,,,,,False,0,0,0,0,998503997429506050,998503997429506050,False,False,si,,,,,,,,,
1238672512772214784,Sat Mar 14 03:45:15 +0000 2020,1238672512772214784,1238672512772214784,@indika27 ‡∂∂‡∑ô‡∂Ω‡∑è‡∂¢‡∑í‡∂∫‡∑ù ‡∂ë‡∂ö‡∂ß ‡∑Ü‡∑ú‡∂ª‡∑í‡∂±‡∑ä ‡∂Ö‡∂∫‡∂ß ‡∑Ä‡∑í‡∂≠‡∂ª‡∂∫‡∑í ‡∂±‡∑ö‡∂Ø ‡∂ö‡∑ú‡∑Ñ‡∑ú‡∂∏‡∂≠‡∑ä ‡∂∫‡∂±‡∑ä‡∂± ‡∂¥‡∑î‡∂Ω‡∑î‡∑Ä‡∂±‡∑ä.‡∂∏‡∂ª‡∑í‡∂±‡∑è ‡∂ë‡∂ö‡∑ô‡∂≠‡∑ä ‡∂†‡∑ì‡∂±‡∑ä‡∂±‡∑î ‡∑Ä‡∑ê‡∑Ñ‡∑í ‡∑Ä‡∑ê‡∑Ñ‡∑ê‡∂Ω ‡∂†‡∑ì‡∂±‡∑ä‡∂±‡∑î‡∂Ø ‡∂∏‡∂±‡∑ä‡∂Ø‡∑è ‡∂≠‡∑è‡∂∫‡∑í ‡∂ë‡∑Ñ‡∑ô‡∂∏ ‡∑Ñ‡∂∏‡∑ä‡∂∏‡∑ù üòÖ,False,"[10, 127]","{'hashtags': [], 'symbols': [], 'user_mentions': [{'screen_name': 'indika27', 'name': 'Amila Chathuranga', 'id': 150624162, 'id_str': '150624162', 'indices': [0, 9]}], 'urls': []}","<a href=""http://twitter.com/download/android"" rel=""nofollow"">Twitter for Android</a>",1.2386595481871852e+18,1238659548187185164,150624162.0,150624162,indika27,742572263497564160,742572263497564160,,,"{'id': '173c2bb9d42baaa5', 'url': 'https://api.twitter.com/1.1/geo/id/173c2bb9d42baaa5.json', 'place_type': 'country', 'name': 'Sri Lanka', 'full_name': 'Sri Lanka', 'country_code': 'LK', 'country': 'Sri Lanka', 'contained_within': [], 'bounding_box': {'type': 'Polygon', 'coordinates': [[[79.6505263, 5.9213829], [81.8787816, 5.9213829], [81.8787816, 9.8359375], [79.6505263, 9.8359375]]]}, 'attributes': {}}",,False,0,2,1,0,1238659548187185164,1238659548187185164,False,False,si,,,,,,,,,
931530486245089280,Fri Nov 17 14:32:29 +0000 2017,931530486245089280,931530486245089280,"‚Äù‡∑É‡∑ä‡∂ö‡∂ª‡∑ä‡∂ß‡∑ä ‡∂ë‡∂ö ‡∑Ñ‡∑ô‡∂∏‡∑ì‡∂ß ‡∂ã‡∑É‡∑ä‡∑É‡∂±‡∑ä‡∂± ‡∂ö‡∑ô‡∂Ω‡∑ä‡∂Ω‡∑ô‚Äù
‡∂¥‡∑í‡∂∫‡∑î‡∂∏‡∑í ‡∂ö‡∑è‡∂∏‡∑î‡∂ö ‡∑Ñ‡∑í‡∂±‡∑è‡∑Ä‡∂ö‡∑ä ‡∂Ø‡∑è‡∂Ω‡∑è ‡∑Ñ‡∑ô‡∂∏‡∑í‡∑Ñ‡∑í‡∂ß ‡∑É‡∑ä‡∂ö‡∂ª‡∑ä‡∂ß‡∑ä ‡∂ë‡∂ö ‡∂ã‡∂©‡∂ß ‡∂â‡∑É‡∑ä‡∑É‡∑î‡∑Ä‚Äã. ‡∂¢‡∂Ç‡∂ú‡∑í‡∂∫ ‡∂¥‡∑ö‡∂±‡∑ä‡∂± ‡∂ú‡∂≠‡∑ä‡∂≠ ‡∂ú‡∂∏‡∂±‡∑ä ‡∂∏‡∂ú‡∑ö ‡∂¥‡∂∫‡∑í‡∂∫ ‡∂±‡∑Ö‡∑í‡∂∫‡∂±‡∑ä‡∂± ‡∂ú‡∂≠‡∑ä‡∂≠‡∑è. ‡∂¥‡∑í‡∂∫‡∑î‡∂∏‡∑í‡∂ú‡∑ô ‡∂ö‡∑í‡∂∏‡∑ä‡∂∂ ‡∂¥‡∑ú‡∂©‡∑í ‡∂∂‡∂±‡∑í‡∑É‡∑ä ‡∂ú‡∑ô‡∂©‡∑í‡∂∫‡∂ö‡∑ä ‡∑Ä‡∂ú‡∑ö &gt;&gt;https://t.co/G9W3vxIoMK https://t.co/YY52Jk2eFz",False,"[0, 207]","{'hashtags': [], 'symbols': [], 'user_mentions': [], 'urls': [{'url': 'https://t.co/G9W3vxIoMK', 'expanded_url': 'http://walkathasinhala.com/wela-katha-pdf-download-dammi/', 'display_url': 'walkathasinhala.com/wela-katha-pdf‚Ä¶', 'indices': [184, 207]}], 'media': [{'id': 931530442754244608, 'id_str': '931530442754244608', 'indices': [208, 231], 'media_url': 'http://pbs.twimg.com/media/DO12AJHUQAAuR3f.jpg', 'media_url_https': 'https://pbs.twimg.com/media/DO12AJHUQAAuR3f.jpg', 'url': 'https://t.co/YY52Jk2eFz', 'display_url': 'pic.twitter.com/YY52Jk2eFz', 'expanded_url': 'https://twitter.com/xxxwalkatha/status/931530486245089280/photo/1', 'type': 'photo', 'original_info': {'width': 600, 'height': 836, 'focus_rects': [{'x': 0, 'y': 145, 'h': 336, 'w': 600}, {'x': 0, 'y': 13, 'h': 600, 'w': 600}, {'x': 0, 'y': 0, 'h': 684, 'w': 600}, {'x': 182, 'y': 0, 'h': 836, 'w': 418}, {'x': 0, 'y': 0, 'h': 836, 'w': 600}]}, 'sizes': {'thumb': {'w': 150, 'h': 150, 'resize': 'crop'}, 'small': {'w': 488, 'h': 680, 'resize': 'fit'}, 'medium': {'w': 600, 'h': 836, 'resize': 'fit'}, 'large': {'w': 600, 'h': 836, 'resize': 'fit'}}, 'features': {'orig': {'faces': []}, 'small': {'faces': []}, 'medium': {'faces': []}, 'large': {'faces': []}}}]}","<a href=""http://twitter.com"" rel=""nofollow"">Twitter Web Client</a>",,,,,,4118571078,4118571078,,,,,False,0,1,0,0,931530486245089280,931530486245089280,False,False,si,,"{'media': [{'id': 931530442754244608, 'id_str': '931530442754244608', 'indices': [208, 231], 'media_url': 'http://pbs.twimg.com/media/DO12AJHUQAAuR3f.jpg', 'media_url_https': 'https://pbs.twimg.com/media/DO12AJHUQAAuR3f.jpg', 'url': 'https://t.co/YY52Jk2eFz', 'display_url': 'pic.twitter.com/YY52Jk2eFz', 'expanded_url': 'https://twitter.com/xxxwalkatha/status/931530486245089280/photo/1', 'type': 'photo', 'original_info': {'width': 600, 'height': 836, 'focus_rects': [{'x': 0, 'y': 145, 'h': 336, 'w': 600}, {'x': 0, 'y': 13, 'h': 600, 'w': 600}, {'x': 0, 'y': 0, 'h': 684, 'w': 600}, {'x': 182, 'y': 0, 'h': 836, 'w': 418}, {'x': 0, 'y': 0, 'h': 836, 'w': 600}]}, 'sizes': {'thumb': {'w': 150, 'h': 150, 'resize': 'crop'}, 'small': {'w': 488, 'h': 680, 'resize': 'fit'}, 'medium': {'w': 600, 'h': 836, 'resize': 'fit'}, 'large': {'w': 600, 'h': 836, 'resize': 'fit'}}, 'features': {'orig': {'faces': []}, 'small': {'faces': []}, 'medium': {'faces': []}, 'large': {'faces': []}}, 'media_key': '3_931530442754244608', 'ext_alt_text': None, 'ext_media_color': {'palette': [{'rgb': {'red': 213, 'green': 155, 'blue': 57}, 'percentage': 23.03}, {'rgb': {'red': 138, 'green': 77, 'blue': 28}, 'percentage': 21.78}, {'rgb': {'red': 200, 'green': 215, 'blue': 207}, 'percentage': 21.01}, {'rgb': {'red': 1, 'green': 1, 'blue': 0}, 'percentage': 20.85}, {'rgb': {'red': 182, 'green': 134, 'blue': 92}, 'percentage': 6.28}]}, 'ext_media_availability': {'status': 'available'}, 'ext': {'mediaStats': {'r': 'Missing', 'ttl': -1}}}]}",False,True,,,,,
1280124523547783169,Mon Jul 06 13:00:44 +0000 2020,1280124523547783169,1280124523547783169,"@sonamakapoor ‡∑É‡∑ù‡∂±‡∂∏‡∑ä ‡∂≠‡∑ù ‡∂¥‡∂ß‡∑ä‡∂ß ‡∑Ñ‡∑î‡∂≠‡∑ä‡∂≠‡∑í, ‡∑Ä‡∑ö‡∑É ‡∂∂‡∑ê‡∂Ω‡∑ä‡∂Ω‡∑í..  ‡∂¥‡∑ú‡∂±‡∑ä‡∂± ‡∑Ñ‡∑î‡∂ö‡∂±‡∑ä‡∂±‡∑í..  ‡∂Ω‡∑ê‡∂ú‡∑ê‡∂ß‡∑î ‡∑Ñ‡∑î‡∂≠‡∑î ‡∂¥‡∑í‡∂≠‡∑ä‡∂≠‡∂Ω‡∂∏‡∑î...             ‡∂ß‡∑Ñ‡∑î‡∂ö‡∂±‡∑ä‡∂© ‡∑Ñ‡∑î‡∂≠‡∑ä‡∂≠‡∑í.....       ‡∂Ö‡∑Ñ‡∑î‡∑Ä‡∑î‡∂±‡∑ú‡∂≠‡∑ä ‡∂≠‡∑ú‡∂ú‡∑ô ‡∂ö‡∑í‡∂∏‡∑ä‡∂∂ ‡∂ö‡∂¥‡∂Ω‡∑è ‡∂ö‡∂¥‡∂Ω‡∑è ‡∂Ö‡∂ª‡∂±‡∑ä ‡∂©‡∑ô‡∑Ä‡∂Ω‡∑ä ‡∂Ø‡∑è‡∂Ω‡∑è ‡∂ö‡∂±‡∑Ä‡∑è ‡∂¥‡∂ö‡∑ä‡∂ö‡∑í‡∂∫‡∑ù...üò°üò°üò°",False,"[14, 194]","{'hashtags': [], 'symbols': [], 'user_mentions': [{'screen_name': 'sonamakapoor', 'name': 'Sonam K Ahuja', 'id': 51376979, 'id_str': '51376979', 'indices': [0, 13]}], 'urls': []}","<a href=""https://mobile.twitter.com"" rel=""nofollow"">Twitter Web App</a>",1.272533134911787e+18,1272533134911787009,51376979.0,51376979,sonamakapoor,814025796822044672,814025796822044672,,,,,False,0,1,0,0,1272533134911787009,1272533134911787009,False,False,si,,,,,,,,,
653649772117495808,Mon Oct 12 19:13:44 +0000 2015,653649772117495808,653649772117495808,"And of course, if you're a guy and you try to point this out, you get labeled a white knight or ‡∂∏‡∑ô‡∑è‡∑ä‡∂©‡∂∫‡∂ß ‡∂ö‡∑í‡∂∏‡∑ä‡∂∂ ‡∂ª‡∂≠‡∑ä‡∂≠‡∂ª‡∂Ç or some such horseshit.",False,"[0, 140]","{'hashtags': [], 'symbols': [], 'user_mentions': [], 'urls': []}","<a href=""http://twitter.com"" rel=""nofollow"">Twitter Web Client</a>",6.536488441445745e+17,653648844144574464,31069427.0,31069427,himalkk,31069427,31069427,,,,,False,1,0,1,0,653646574879309824,653646574879309824,False,False,en,,,,,,,,,
1360859929645441024,Sun Feb 14 07:54:25 +0000 2021,1360859929645441024,1360859929645441024,@baba_sau ‡∂î‡∂∫ ‡∂ö‡∑í‡∂∏‡∑ä‡∂∂ ‡∂¥‡∂≠‡∑î‡∂ª‡∑î ‡∂∫‡∂±‡∑ä‡∂± ‡∑Ñ‡∑î‡∂ö‡∂±‡∑ä‡∂± ‡∂î‡∂±‡∑í ‡∂à,False,"[10, 42]","{'hashtags': [], 'symbols': [], 'user_mentions': [{'screen_name': 'baba_sau', 'name': '‡∑É‡∑î‡∂∂‡∑è Baba', 'id': 1331292327558610950, 'id_str': '1331292327558610950', 'indices': [0, 9]}], 'urls': []}","<a href=""http://twitter.com/download/android"" rel=""nofollow"">Twitter for Android</a>",1.3608336658575606e+18,1360833665857560577,1.3493400090698998e+18,1349340009069899776,Sugath59401316,1349340009069899776,1349340009069899776,,,,,False,0,1,0,0,1360832921750282241,1360832921750282241,False,False,si,,,,,,,,,
1246779466891718656,Sun Apr 05 12:39:23 +0000 2020,1246779466891718656,1246779466891718656,@Ask_amdan @Wind_Desika ‡∂Ω‡∂ü‡∂∏ ‡∂±‡∑ë‡∂∫‡∑ù üòÅ,False,"[24, 34]","{'hashtags': [], 'symbols': [], 'user_mentions': [{'screen_name': 'Ask_amdan', 'name': '‡∂á‡∂∏‡∑ä‡∂©‡∂±‡∑ä.', 'id': 1194238790686130176, 'id_str': '1194238790686130176', 'indices': [0, 10]}, {'screen_name': 'Wind_Desika', 'name': 'WinD', 'id': 2533578847, 'id_str': '2533578847', 'indices': [11, 23]}], 'urls': []}","<a href=""http://twitter.com/download/android"" rel=""nofollow"">Twitter for Android</a>",1.2467793007890022e+18,1246779300789002246,1.1942387906861302e+18,1194238790686130176,Ask_amdan,724170397894225920,724170397894225920,,,,,False,0,2,1,0,1246705043715342336,1246705043715342336,False,False,si,,,,,,,,,
1234502325017993216,Mon Mar 02 15:34:24 +0000 2020,1234502325017993216,1234502325017993216,@yasithfernando @Welikumbura ‡∂Ö‡∂±‡∑ö ‡∑Ñ‡∑î‡∂ö‡∑ö ‡∂ö‡∑í‡∂∏‡∑ä‡∂∂ ‡∑É‡∑î‡∂Ø‡∑î ‡∂±‡∂∏‡∑ä ‡∂ª‡∂ß‡∂ß ‡∑Ñ‡∑í‡∂ö‡∑í‡∂±‡∂≠‡∑ä ‡∂ö‡∂∏‡∂ö‡∑ä ‡∂±‡∑ë.....ü§£ü§£‚òùÔ∏è,False,"[29, 81]","{'hashtags': [], 'symbols': [], 'user_mentions': [{'screen_name': 'yasithfernando', 'name': 'Yasith Fernando', 'id': 912384168, 'id_str': '912384168', 'indices': [0, 15]}, {'screen_name': 'Welikumbura', 'name': 'Prasad Welikumbura', 'id': 914720730, 'id_str': '914720730', 'indices': [16, 28]}], 'urls': []}","<a href=""http://twitter.com/download/android"" rel=""nofollow"">Twitter for Android</a>",1.2344995132404736e+18,1234499513240473601,912384168.0,912384168,yasithfernando,1090805258840752131,1090805258840752131,,,,,False,0,0,1,0,1234466134142877696,1234466134142877696,False,False,si,,,,,,,,,
1352257301432811523,Thu Jan 21 14:10:39 +0000 2021,1352257301432811523,1352257301432811523,@Iam_N_Sandaru ‡∂∏‡∑ú‡∂ö‡∂ö‡∑ä,False,"[15, 20]","{'hashtags': [], 'symbols': [], 'user_mentions': [{'screen_name': 'Iam_N_Sandaru', 'name': 'üÖΩIRMAL ‚ú∞', 'id': 1057885194630311936, 'id_str': '1057885194630311936', 'indices': [0, 14]}], 'urls': []}","<a href=""http://twitter.com/download/android"" rel=""nofollow"">Twitter for Android</a>",1.35225581127646e+18,1352255811276460036,1.057885194630312e+18,1057885194630311936,Iam_N_Sandaru,1196374198408450048,1196374198408450048,,,,,False,0,1,1,0,1352255811276460036,1352255811276460036,False,False,si,,,,,,,,,
1059765874771451904,Tue Nov 06 11:14:08 +0000 2018,1059765874771451904,1059765874771451904,@Indrajithonline ‡∂ö‡∑í‡∂∏‡∑ä‡∂∂,False,"[17, 22]","{'hashtags': [], 'symbols': [], 'user_mentions': [{'screen_name': 'Indrajithonline', 'name': 'Indrajith Bandara', 'id': 806420239789527040, 'id_str': '806420239789527040', 'indices': [0, 16]}], 'urls': []}","<a href=""http://twitter.com/download/android"" rel=""nofollow"">Twitter for Android</a>",1.0592796548952433e+18,1059279654895243264,8.06420239789527e+17,806420239789527040,Indrajithonline,1053482045005918208,1053482045005918208,,,,,False,0,0,0,0,1059279654895243264,1059279654895243264,False,False,si,,,,,,,,,
1024090531356270592,Tue Jul 31 00:33:04 +0000 2018,1024090531356270592,1024090531356270592,Akkage Kimba ‡∂Ö‡∂ö‡∑ä‡∂ö‡∂ú‡∑ô ‡∂ö‡∑í‡∂∏‡∑ä‡∂∂‚Äã https://t.co/Mx6qRzDqH8 https://t.co/72oUISx88I,False,"[0, 50]","{'hashtags': [], 'symbols': [], 'user_mentions': [], 'urls': [{'url': 'https://t.co/Mx6qRzDqH8', 'expanded_url': 'http://dlvr.it/QdJ0zL', 'display_url': 'dlvr.it/QdJ0zL', 'indices': [27, 50]}], 'media': [{'id': 1024090529695293440, 'id_str': '1024090529695293440', 'indices': [51, 74], 'media_url': 'http://pbs.twimg.com/media/DjZM6TBUYAA_zyJ.jpg', 'media_url_https': 'https://pbs.twimg.com/media/DjZM6TBUYAA_zyJ.jpg', 'url': 'https://t.co/72oUISx88I', 'display_url': 'pic.twitter.com/72oUISx88I', 'expanded_url': 'https://twitter.com/xxxwalkatha/status/1024090531356270592/photo/1', 'type': 'photo', 'original_info': {'width': 561, 'height': 295, 'focus_rects': [{'x': 0, 'y': 0, 'h': 295, 'w': 527}, {'x': 63, 'y': 0, 'h': 295, 'w': 295}, {'x': 81, 'y': 0, 'h': 295, 'w': 259}, {'x': 136, 'y': 0, 'h': 295, 'w': 148}, {'x': 0, 'y': 0, 'h': 295, 'w': 561}]}, 'sizes': {'large': {'w': 561, 'h': 295, 'resize': 'fit'}, 'thumb': {'w': 150, 'h': 150, 'resize': 'crop'}, 'medium': {'w': 561, 'h': 295, 'resize': 'fit'}, 'small': {'w': 561, 'h': 295, 'resize': 'fit'}}, 'features': {'large': {'faces': [{'x': 148, 'y': 84, 'h': 197, 'w': 197}]}, 'medium': {'faces': [{'x': 148, 'y': 84, 'h': 197, 'w': 197}]}, 'small': {'faces': [{'x': 148, 'y': 84, 'h': 197, 'w': 197}]}, 'orig': {'faces': [{'x': 148, 'y': 84, 'h': 197, 'w': 197}]}}}]}","<a href=""https://dlvrit.com/"" rel=""nofollow"">dlvr.it</a>",,,,,,4118571078,4118571078,,,,,False,0,3,0,0,1024090531356270592,1024090531356270592,False,False,und,,"{'media': [{'id': 1024090529695293440, 'id_str': '1024090529695293440', 'indices': [51, 74], 'media_url': 'http://pbs.twimg.com/media/DjZM6TBUYAA_zyJ.jpg', 'media_url_https': 'https://pbs.twimg.com/media/DjZM6TBUYAA_zyJ.jpg', 'url': 'https://t.co/72oUISx88I', 'display_url': 'pic.twitter.com/72oUISx88I', 'expanded_url': 'https://twitter.com/xxxwalkatha/status/1024090531356270592/photo/1', 'type': 'photo', 'original_info': {'width': 561, 'height': 295, 'focus_rects': [{'x': 0, 'y': 0, 'h': 295, 'w': 527}, {'x': 63, 'y': 0, 'h': 295, 'w': 295}, {'x': 81, 'y': 0, 'h': 295, 'w': 259}, {'x': 136, 'y': 0, 'h': 295, 'w': 148}, {'x': 0, 'y': 0, 'h': 295, 'w': 561}]}, 'sizes': {'large': {'w': 561, 'h': 295, 'resize': 'fit'}, 'thumb': {'w': 150, 'h': 150, 'resize': 'crop'}, 'medium': {'w': 561, 'h': 295, 'resize': 'fit'}, 'small': {'w': 561, 'h': 295, 'resize': 'fit'}}, 'features': {'large': {'faces': [{'x': 148, 'y': 84, 'h': 197, 'w': 197}]}, 'medium': {'faces': [{'x': 148, 'y': 84, 'h': 197, 'w': 197}]}, 'small': {'faces': [{'x': 148, 'y': 84, 'h': 197, 'w': 197}]}, 'orig': {'faces': [{'x': 148, 'y': 84, 'h': 197, 'w': 197}]}}, 'media_key': '3_1024090529695293440', 'ext_media_color': {'palette': [{'rgb': {'red': 249, 'green': 193, 'blue': 142}, 'percentage': 58.68}, {'rgb': {'red': 24, 'green': 7, 'blue': 5}, 'percentage': 15.93}, {'rgb': {'red': 166, 'green': 100, 'blue': 22}, 'percentage': 11.07}, {'rgb': {'red': 127, 'green': 72, 'blue': 38}, 'percentage': 8.44}, {'rgb': {'red': 214, 'green': 132, 'blue': 102}, 'percentage': 2.05}]}, 'ext_alt_text': None, 'ext_media_availability': {'status': 'available'}, 'ext': {'mediaStats': {'r': 'Missing', 'ttl': -1}}}]}",False,True,,,,,
1262324588689666050,Mon May 18 10:10:09 +0000 2020,1262324588689666050,1262324588689666050,@iamsusantha88 @Sansajran ‡∂ú‡∑É‡∑ä ‡∂Ø‡∑ô‡∂∂‡∂Ω‡∂ö‡∑ä ‡∂ö‡∂¥‡∂Ω‡∑è ‡∂ú‡∂±‡∑ä‡∂± ‡∂Ω‡∑ì ‡∂¢‡∑è‡∂≠‡∑í‡∂∫‡∂ö‡∑ä ‡∂í,False,"[26, 59]","{'hashtags': [], 'symbols': [], 'user_mentions': [{'screen_name': 'Sansajran', 'name': 'ùó¶ùóÆùóªùó±ùòÇùóª', 'id': 199129412, 'id_str': '199129412', 'indices': [15, 25]}], 'urls': []}","<a href=""http://twitter.com/download/android"" rel=""nofollow"">Twitter for Android</a>",1.262323145576534e+18,1262323145576534017,1.1933648688012902e+18,1193364868801290240,iamsusan88,1181169304877879297,1181169304877879297,,,,,False,0,2,2,0,1262315771751010305,1262315771751010305,False,False,si,,,,,,,,,
674506171387105280,Wed Dec 09 08:29:37 +0000 2015,674506171387105280,674506171387105280,@sahanDisa ‡∂ö‡∑í‡∂∏‡∑ä‡∂∂ + ‡∂ã‡∂Ω‡∑ä‡∂Ω‡∑î @NightWingzzz,False,"[0, 38]","{'hashtags': [], 'symbols': [], 'user_mentions': [{'screen_name': 'SahandisA', 'name': 'Sahandis', 'id': 1284500295641206789, 'id_str': '1284500295641206789', 'indices': [0, 10]}, {'screen_name': 'NightWingzzz', 'name': 'Nightwing¬Æüá±üá∞', 'id': 2369956382, 'id_str': '2369956382', 'indices': [25, 38]}], 'urls': []}","<a href=""http://twitter.com"" rel=""nofollow"">Twitter Web Client</a>",,,,,,911573887,911573887,,,,,False,0,0,1,0,674500567243186176,674500567243186176,False,False,si,,,,,,,,,
1262325488485314562,Mon May 18 10:13:43 +0000 2020,1262325488485314562,1262325488485314562,@Chandu_original @Sansajran ‡∂ö‡∑í‡∂∏‡∑ä‡∂∂ ‡∂Ω‡∑ì ‡∂ë‡∂≠‡∂ö‡∑ú‡∂ß..üòÇüòÇ,False,"[28, 46]","{'hashtags': [], 'symbols': [], 'user_mentions': [{'screen_name': 'Chandu_original', 'name': 'üÖíüÖóüÖêüÖùüÖìüÖ§·µÖüí´', 'id': 1181169304877879297, 'id_str': '1181169304877879297', 'indices': [0, 16]}, {'screen_name': 'Sansajran', 'name': 'ùó¶ùóÆùóªùó±ùòÇùóª', 'id': 199129412, 'id_str': '199129412', 'indices': [17, 27]}], 'urls': []}","<a href=""http://twitter.com/download/iphone"" rel=""nofollow"">Twitter for iPhone</a>",1.262324588689666e+18,1262324588689666050,1.1811693048778793e+18,1181169304877879297,Chandu_original,1193364868801290240,1193364868801290240,,,,,False,0,0,1,0,1262315771751010305,1262315771751010305,False,False,si,,,,,,,,,
998530776043081730,Mon May 21 11:47:43 +0000 2018,998530776043081730,998530776043081730,‡∂∫‡∑É‡∑í‡∂Ø‡∑î‡∂ú‡∑ö ‡∂ö‡∑ê‡∂Ω‡∑ä‡∂Ω‡∂ú‡∑ö ‡∂ö‡∑í‡∂∏‡∑ä‡∂∂ ‚Äì ‡∑É‡∑í‡∂Ç‡∑Ñ‡∂Ω ‡∂Ö‡∂Ω‡∑î‡∂≠‡∑ä,False,"[0, 35]","{'hashtags': [], 'symbols': [], 'user_mentions': [], 'urls': []}","<a href=""http://hornyagent.net"" rel=""nofollow"">hukanawa.com</a>",,,,,,996787115072610305,996787115072610305,,,,,False,0,0,1,0,998530776043081730,998530776043081730,False,False,si,,,,,,,,,
1371559795552051200,Mon Mar 15 20:31:52 +0000 2021,1371559795552051200,1371559795552051200,@Geeth__R @Shafraz_Cader ‡∂ã‡∂∂‡∂Ω‡∑ê ‡∂Ö‡∂∏‡∑ä‡∂∏‡∂ú‡∑ö ‡∂Ø‡∑è‡∂ª ‡∂ö‡∑í‡∂∏‡∑ä‡∂∂‡∑ô‡∂±‡∑ä ... ‡∂Ö‡∂±‡∑ö ‡∂∏‡∑î‡∑É‡∑ä‡∂Ω‡∑í‡∂∏‡∑ä ‡∂å‡∂ª‡∑ê ‡∑Ä‡∑ô‡∑É‡∑í‡∂∫‚Äç‡∑ö ‡∂≠‡∑ú‡∂ú‡∑ö ‡∂ö‡∑í‡∂∏‡∑ä‡∂∂‡∂ß ‡∂å‡∂ª‡∑ê ‡∂≠‡∑ö‡∂Ω‡∑ä ‡∂Ø‡∑è‡∂Ω‡∑è ‡∑Ñ‡∑î‡∂ö‡∂±‡∑ä‡∂±‡∑ö ‡∂ö‡∑í‡∂∏‡∑ä‡∂∂ ‡∂ö‡∑î‡∂´‡∑î‡∑Ä‡∑ô‡∂Ω‡∑è ‡∂∫‡∂±‡∑ä‡∂± ‡∂Ø‡∑ê‡∂±‡∂ú‡∂±‡∑í‡∂±‡∑ä ‡∂¥‡∂ß‡∑ä‡∂ß ‡∑Ä‡∑ô‡∑É‡∑í ‡∂≠‡∑ú‡∂ú‡∑ö ‡∂¥‡∑î‡∂ö‡∂ß ‡∂å‡∂ª‡∑ê ‡∂≠‡∑ö‡∂Ω‡∑ä ‡∂∂‡∑í‡∂Ç‡∂Ø‡∑î‡∑Ä‡∂ö‡∑ä ‡∂Ø‡∑è‡∂Ω‡∑è ‡∂¥‡∑î‡∂ö‡∑ö ‡∂Ö‡∂ª‡∑í‡∂±‡∑ä‡∂±‡∑ô ‡∂ª‡∑ô‡∂±‡∂ö‡∑ú‡∂ß ‡∂å‡∂ª‡∑ê ‡∂¥‡∑ê‡∂ß‡∑Ä‡∑ä ‡∑Ä‡∑ê‡∂ß‡∑ô‡∂±‡∑ä‡∂± ‡∂Ø‡∑ê‡∂±‡∂ú‡∂±‡∑í‡∂±‡∑ä ‡∂ö‡∑ê‡∂ª‡∑í ‡∑Ä‡∑ô‡∑É‡∑í ‡∂â‡∑É‡∑ä‡∑É‚Äç‡∑ö‡∂Ω‡∑ä‡∂Ω‡∑è ‡∂ö‡∑í‡∂∏‡∑ä‡∂∂‡∑ö ‡∂ú‡∂≥ ‡∂∫‡∑Ä‡∑è‡∂ú‡∂±‡∑í‡∂±‡∑ä ‡∑Ñ‡∑ú‡∂Ø‡∂ß ‡∂±‡∑è‡∂Ω‡∑è ‡∂ö‡∑ê‡∂ª‡∑í ‡∑Ñ‡∂∏‡∑ä‡∂∂ ‡∑Ä‡∑ô‡∑É‡∑í,False,"[25, 296]","{'hashtags': [], 'symbols': [], 'user_mentions': [{'screen_name': 'Geeth__R', 'name': 'üî±AZI üòå‚òÅÔ∏èüá±üá∞', 'id': 949549091905826816, 'id_str': '949549091905826816', 'indices': [0, 9]}, {'screen_name': 'Shafraz_Cader', 'name': 'Shafraz Cader', 'id': 1467472404, 'id_str': '1467472404', 'indices': [10, 24]}], 'urls': []}","<a href=""http://twitter.com/download/android"" rel=""nofollow"">Twitter for Android</a>",1.3713201226740122e+18,1371320122674012160,9.495490919058268e+17,949549091905826816,Geeth__R,1359619092492267521,1359619092492267521,,,,,False,0,0,0,0,1371318928924901376,1371318928924901376,False,False,si,,,,,,,,,
1303901000076460032,Thu Sep 10 03:39:58 +0000 2020,1303901000076460032,1303901000076460032,"‡∂Ö‡∂¥‡∑ö ‡∂ö‡∑ê‡∂∏‡∑ä‡∂¥‡∑É‡∑ä ‡∂ë‡∂ö‡∑ö ‡∂ö‡∑ê‡∂±‡∑ä‡∂ß‡∑í‡∂∏‡∑ö ‡∂Ø‡∑ô‡∂± ‡∂¥‡∂ª‡∑í‡∂¥‡∑ä‡∂¥‡∑î ‡∂ö‡∑ë‡∑Ä‡∂±‡∂∏‡∑ä.. ‡∂∏‡∑í‡∂±‡∑í‡∑É‡∑ä‡∑É‡∑î ‡∂¥‡∂ª‡∑í‡∂¥‡∑ä‡∂¥‡∑î ‡∂ö‡∂± ‡∂ë‡∂ö ‡∂Ö‡∂≠‡∑Ñ‡∂ª‡∑í‡∂±‡∑Ä‡∑è.. ‡∂ë‡∂≠‡∂ö‡∑ú‡∂ß ‡∂â‡∂∏‡∑ä‡∂¥‡∑ù‡∂ª‡∑ä‡∂ß‡∑ä ‡∂ö‡∂ª‡∂±‡∑ä‡∂± ‡∂ï‡∂±‡∑ô‡∂≠‡∑ä ‡∂±‡∑ë ... 
‡∂Ü‡∂Ø‡∑ö‡∑Å‡∂ö ‡∂ï‡∂±‡∑ô‡∂≠‡∑ä ‡∂±‡∑ë...
üòÇ",False,"[0, 135]","{'hashtags': [], 'symbols': [], 'user_mentions': [], 'urls': []}","<a href=""http://twitter.com/download/android"" rel=""nofollow"">Twitter for Android</a>",,,,,,836512553622593536,836512553622593536,,,"{'id': '173c2bb9d42baaa5', 'url': 'https://api.twitter.com/1.1/geo/id/173c2bb9d42baaa5.json', 'place_type': 'country', 'name': 'Sri Lanka', 'full_name': 'Sri Lanka', 'country_code': 'LK', 'country': 'Sri Lanka', 'contained_within': [], 'bounding_box': {'type': 'Polygon', 'coordinates': [[[79.6505263, 5.9213829], [81.8787816, 5.9213829], [81.8787816, 9.8359375], [79.6505263, 9.8359375]]]}, 'attributes': {}}",,False,1,67,7,1,1303901000076460032,1303901000076460032,False,False,si,,,,,,,,,
1352262241521979392,Thu Jan 21 14:30:16 +0000 2021,1352262241521979392,1352262241521979392,@Its_Me_S_Soori ‡∂∏‡∂Ç ‡∂Ø‡∑ê‡∂ö‡∑ä‡∂ö ‡∂ß‡∑ì‡∑Ä‡∑í ‡∂ë‡∂ö‡∑ö ‡∂á‡∂©‡∑ä ‡∂ë‡∂ö‡∂ö‡∑ä ‡∂∫‡∂±‡∑Ä. ‡∂ö‡∑ê‡∂ª‡∑í‡∂∏‡∂Ω‡∂∫‡∑í‡∑É‡∑ä ‡∂ö‡∑í‡∂∏‡∑ä‡∂∂ ‡∂ö‡∑í‡∂∫‡∂Ω ‡∂ë‡∂ö‡∂ö‡∑ä,False,"[16, 74]","{'hashtags': [], 'symbols': [], 'user_mentions': [{'screen_name': 'Its_Me_S_Soori', 'name': '÷Ü…¶«ü’º....‚úçÔ∏è(..H“Ω Ö ÖœÉ P“Ω“ΩœÅ Ç..üôã) üá±üá∞', 'id': 1196374198408450048, 'id_str': '1196374198408450048', 'indices': [0, 15]}], 'urls': []}","<a href=""http://twitter.com/download/android"" rel=""nofollow"">Twitter for Android</a>",1.3522573014328115e+18,1352257301432811523,1.19637419840845e+18,1196374198408450048,Its_Me_S_Soori,1057885194630311936,1057885194630311936,,,,,False,0,1,1,0,1352255811276460036,1352255811276460036,False,False,si,,,,,,,,,
1219207318862254083,Mon Jan 20 10:37:31 +0000 2020,1219207318862254083,1219207318862254083,@VinshadaYasasmi @Chandu_original @Anushka60212320 @KasunKoswattha ‡∂∏‡∑ú‡∂± ‡∑Ñ‡∑î‡∂≠‡∑ä‡∂≠‡∂ö‡∑ä‡∂Ø‡∑ù‡∂∫‡∑í ‡∂∏‡∑ö ‡∂ö‡∑í‡∂∫‡∂±‡∑ä‡∂±‡∑ô? ‡∂ö‡∑í‡∂∫‡∂± ‡∂¥‡∑ú‡∂Ω‡∑ä ‡∂ö‡∑í‡∂∏‡∑ä‡∂∂‡∂ö‡∑ä ‡∂≠‡∑ö‡∂ª‡∑ô‡∂±‡∑ä‡∂± ‡∂ö‡∑í‡∂∫‡∂±‡∑Ä‡∂ö‡∑ú,False,"[67, 128]","{'hashtags': [], 'symbols': [], 'user_mentions': [{'screen_name': 'VinshadaYasasmi', 'name': 'Vinshada Yasasmini', 'id': 1353365228, 'id_str': '1353365228', 'indices': [0, 16]}, {'screen_name': 'Chandu_original', 'name': 'üÖíüÖóüÖêüÖùüÖìüÖ§·µÖüí´', 'id': 1181169304877879297, 'id_str': '1181169304877879297', 'indices': [17, 33]}, {'screen_name': 'KasunKoswattha', 'name': 'Kasun K', 'id': 327293824, 'id_str': '327293824', 'indices': [51, 66]}], 'urls': []}","<a href=""http://twitter.com/download/android"" rel=""nofollow"">Twitter for Android</a>",1.2192058671801016e+18,1219205867180101632,1353365228.0,1353365228,VinshadaYasasmi,799677397,799677397,,,"{'id': '173c2bb9d42baaa5', 'url': 'https://api.twitter.com/1.1/geo/id/173c2bb9d42baaa5.json', 'place_type': 'country', 'name': 'Sri Lanka', 'full_name': 'Sri Lanka', 'country_code': 'LK', 'country': 'Sri Lanka', 'contained_within': [], 'bounding_box': {'type': 'Polygon', 'coordinates': [[[79.6505263, 5.9213829], [81.8787816, 5.9213829], [81.8787816, 9.8359375], [79.6505263, 9.8359375]]]}, 'attributes': {}}",,False,0,9,1,0,1218774284291727361,1218774284291727361,False,False,si,,,,,,,,,
965226467792535552,Sun Feb 18 14:08:17 +0000 2018,965226467792535552,965226467792535552,"‡∂∂‡∑ä‡∂Ω‡∂©‡∑ä ‡∂∂‡∑ë‡∂±‡∑ä‡∂ö‡∑ä ‡∑Ä‡∂ú‡∑ö‡∂∏ ‡∑É‡∑ä‡∂¥‡∂ª‡∑ä‡∂∏‡∑ä ‡∂∂‡∑ë‡∂±‡∑ä‡∂ö‡∑ä ‡∂ë‡∂ö‡∂ö‡∑î‡∂≠‡∑ä ‡∂Ω‡∂Ç‡∂ö‡∑è‡∑Ä‡∑ô ‡∂¥‡∂ß‡∂Ç ‡∂ú‡∂±‡∑ä‡∂± ‡∂ï‡∂±‡∑í
@WindDesika ‡∑Ä‡∂ú‡∑ô ‡∑É‡∑í‡∂Ç‡∂ú‡∂Ω‡∑ä ‡∂ö‡∑ô‡∂Ω‡∑ä‡∂Ω‡∑ú‡∂±‡∑ä‡∂ß ‡∂∏‡∑í‡∂±‡∑í‡∑Ñ‡∑ô‡∂ö‡∑ä ‡∂±‡∑ê‡∂≠‡∑î‡∑Ä ‡∂Ω‡∂∏‡∂∫‡∑ô‡∂ö‡∑ä ‡∑Ñ‡∂Ø‡∑è‡∂ú‡∂±‡∑ä‡∂±‡∂≠‡∑ä ‡∂¥‡∑î‡∂Ω‡∑î‡∑Äx @rathgamaya ‡∑Ä‡∂ú‡∑ö ‡∑Ñ‡∑ê‡∂±‡∑ä‡∂©‡∑í ‡∂∂‡∑ä‚Äç‡∂ª‡∑ö‡∂ö‡∂¥‡∑ä ‡∂ö‡∑ú‡∂Ω‡∑ä‡∂Ω‡∑ú‡∂±‡∑ä‡∂ß ‡∂â‡∂±‡∑ä‡∂ö‡∂∏‡∑ä ‡∂ë‡∂ö‡∂ö‡∑î‡∂≠‡∑ä ‡∑Ñ‡∑ú‡∂∫‡∑è‡∂ú‡∂±‡∑ä‡∂± ‡∂¥‡∑î‡∂Ω‡∑î‡∑Ä‡∂±‡∑ä
‡∂∏‡∑ú‡∂ö‡∂Ø ‡∂ö‡∑í‡∂∫‡∂±‡∑ä‡∂±‡∑ô ‡∑É‡∂±‡∑í‡∂ö‡∑è
‡∑É‡∑û‡∂õ‡∑ä‚Äç‡∂∫ ‡∂á‡∂∏‡∂≠‡∑í‡∂ú‡∑ô‡∂Ç ‡∂Ö‡∑Ä‡∑É‡∂ª ‡∂Ö‡∂ª‡∂Ç ‡∂Ö‡∂¥‡∑í ‡∑Ä‡∑ê‡∂©‡∑ö ‡∂¥‡∂ß‡∂Ç‡∂ú‡∂∏‡∑î‡∂Ø?
@stranshad",False,"[0, 276]","{'hashtags': [], 'symbols': [], 'user_mentions': [{'screen_name': 'rathgamaya', 'name': 'Raththa üå∏', 'id': 246224922, 'id_str': '246224922', 'indices': [132, 143]}, {'screen_name': 'stranshad', 'name': 'Sanik Thuransha', 'id': 401184754, 'id_str': '401184754', 'indices': [266, 276]}], 'urls': []}","<a href=""http://twitter.com/download/iphone"" rel=""nofollow"">Twitter for iPhone</a>",,,,,,2393877565,2393877565,,,,,False,2,19,5,0,965226467792535552,965226467792535552,False,False,si,,,,,"{'id': 965226467792535552, 'id_str': '965226467792535552'}",,,,
1282541783692349440,Mon Jul 13 05:06:04 +0000 2020,1282541783692349440,1282541783692349440,Colombo girl Pussy licking ‡∑Ñ‡∑ú‡∂Ø‡∂ß‡∂∏ ‡∑Ä‡∑ô‡∂ª‡∑í ‡∑É‡∑ä‡∂¥ ‡∂±‡∂±‡∑ä‡∂ú‡∑í ‡∂ö‡∑í‡∂∏‡∑ä‡∂∂ ‡∂Ω‡∑ô‡∑Ä‡∂ö‡∑Ä‡∑è‡∂ú‡∂±‡∑ä‡∂±‡∑Ä‡∑è https://t.co/8TfzjhvxSu,False,"[0, 90]","{'hashtags': [], 'symbols': [], 'user_mentions': [], 'urls': [{'url': 'https://t.co/8TfzjhvxSu', 'expanded_url': 'https://fp.alrau.com/colombo-girl-pussy-licking-%e0%b7%84%e0%b7%9c%e0%b6%af%e0%b6%a7%e0%b6%b8-%e0%b7%80%e0%b7%99%e0%b6%bb%e0%b7%92-%e0%b7%83%e0%b7%8a%e0%b6%b4-%e0%b6%b1%e0%b6%b1%e0%b7%8a%e0%b6%9c%e0%b7%92-%e0%b6%9a/', 'display_url': 'fp.alrau.com/colombo-girl-p‚Ä¶', 'indices': [67, 90]}]}","<a href=""https://mobile.twitter.com"" rel=""nofollow"">Twitter Web App</a>",,,,,,1101624234017722368,1101624234017722368,,,,,False,1,2,0,0,1282541783692349440,1282541783692349440,False,False,und,,,False,True,,"{'name': 'summary', 'url': 'https://t.co/8TfzjhvxSu', 'card_type_url': 'http://card-type-url-is-deprecated.invalid', 'binding_values': {'vanity_url': {'type': 'STRING', 'string_value': 'fp.alrau.com', 'scribe_key': 'vanity_url'}, 'domain': {'type': 'STRING', 'string_value': 'fp.alrau.com'}, 'title': {'type': 'STRING', 'string_value': 'Colombo girl Pussy licking ‡∑Ñ‡∑ú‡∂Ø‡∂ß‡∂∏ ‡∑Ä‡∑ô‡∂ª‡∑í ‡∑É‡∑ä‡∂¥ ‡∂±‡∂±‡∑ä‡∂ú‡∑í ‡∂ö‡∑í‡∂∏‡∑ä‡∂∂ ‡∂Ω‡∑ô‡∑Ä‡∂ö‡∑Ä‡∑è‡∂ú‡∂±‡∑ä‡∂±‡∑Ä‡∑è | FP'}, 'thumbnail_image_small': {'type': 'IMAGE', 'image_value': {'url': 'https://pbs.twimg.com/card_img/1351318082086690820/QM_hxrEo?format=jpg&name=100x100_2', 'width': 100, 'height': 100, 'alt': None}}, 'thumbnail_image': {'type': 'IMAGE', 'image_value': {'url': 'https://pbs.twimg.com/card_img/1351318082086690820/QM_hxrEo?format=jpg&name=144x144_2', 'width': 144, 'height': 144, 'alt': None}}, 'thumbnail_image_large': {'type': 'IMAGE', 'image_value': {'url': 'https://pbs.twimg.com/card_img/1351318082086690820/QM_hxrEo?format=jpg&name=280x280_2', 'width': 145, 'height': 145, 'alt': None}}, 'thumbnail_image_x_large': {'type': 'IMAGE', 'image_value': {'url': 'https://pbs.twimg.com/card_img/1351318082086690820/QM_hxrEo?format=png&name=2048x2048_2_exp', 'width': 258, 'height': 145, 'alt': None}}, 'thumbnail_image_color': {'type': 'IMAGE_COLOR', 'image_color_value': {'palette': [{'percentage': 46.33, 'rgb': {'red': 214, 'green': 204, 'blue': 194}}, {'percentage': 36.83, 'rgb': {'red': 80, 'green': 55, 'blue': 49}}, {'percentage': 12.6, 'rgb': {'red': 129, 'green': 97, 'blue': 84}}, {'percentage': 3.2, 'rgb': {'red': 146, 'green': 132, 'blue': 118}}, {'percentage': 0.47, 'rgb': {'red': 176, 'green': 119, 'blue': 195}}]}}, 'thumbnail_image_original': {'type': 'IMAGE', 'image_value': {'url': 'https://pbs.twimg.com/card_img/1351318082086690820/QM_hxrEo?format=jpg&name=orig', 'width': 258, 'height': 145, 'alt': None}}, 'card_url': {'type': 'STRING', 'string_value': 'https://t.co/8TfzjhvxSu', 'scribe_key': 'card_url'}}, 'card_platform': {'platform': {'device': {'name': 'Swift', 'version': '12'}, 'audience': {'name': 'production', 'bucket': None}}}}",,,
625156181573550080,Sun Jul 26 04:10:23 +0000 2015,625156181573550080,625156181573550080,@HandyBuwa  ‡∂ö‡∑í ... üòÇüòÇ ‡∂ö‡∑í‡∂∏‡∑ä‡∂∂ ‡∂ö‡∑ù‡∂¥‡∂ª‡∑ö‡∑Ç‡∂±‡∑ä,False,"[0, 36]","{'hashtags': [], 'symbols': [], 'user_mentions': [{'screen_name': 'HandyBuwa', 'name': 'Dilan Dilz Edirisinghe', 'id': 2613916794, 'id_str': '2613916794', 'indices': [0, 10]}], 'urls': []}","<a href=""http://twitter.com/download/android"" rel=""nofollow"">Twitter for Android</a>",6.25155847258112e+17,625155847258112000,2613916794.0,2613916794,HandyBuwa,2429353159,2429353159,,,,,False,0,1,1,0,625155847258112000,625155847258112000,False,False,si,,,,,,,,,
1250545974608568320,Wed Apr 15 22:06:09 +0000 2020,1250545974608568320,1250545974608568320,Damn Disney - messed with the ‡∂ö‡∑í‡∂∏‡∑ä‡∂∂ too?,False,"[0, 40]","{'hashtags': [], 'symbols': [], 'user_mentions': [], 'urls': []}","<a href=""http://twitter.com/download/iphone"" rel=""nofollow"">Twitter for iPhone</a>",,,,,,29947063,29947063,,,,,True,0,2,0,0,1250545974608568320,1250545974608568320,False,False,en,,,,,,,1.2500644554063667e+18,1250064455406366721,"{'url': 'https://t.co/ZF4bUlH4zG', 'expanded': 'https://twitter.com/kkscott25/status/1250064455406366721', 'display': 'twitter.com/kkscott25/stat‚Ä¶'}"
1040139596179402753,Thu Sep 13 07:26:19 +0000 2018,1040139596179402753,1040139596179402753,‡∑Ä‡∂∫‡∑í‡∑Ü‡∑ä ‡∂±‡∑í‡∂Ø‡∑í ‡∂Ö‡∂≠‡∂ª‡∑ö ‡∂∫‡∂ß ‡∑É‡∑è‡∂∫‡∑ô‡∂±‡∑ä ‡∂ö‡∑í‡∂∏‡∑ä‡∂∂,False,"[0, 31]","{'hashtags': [], 'symbols': [], 'user_mentions': [], 'urls': []}","<a href=""http://hornyagent.net"" rel=""nofollow"">hukanawa.com</a>",,,,,,996787115072610305,996787115072610305,,,,,False,0,0,0,0,1040139596179402753,1040139596179402753,False,False,si,,,,,,,,,
1061003464874946560,Fri Nov 09 21:11:53 +0000 2018,1061003464874946560,1061003464874946560,"@indrajithline ‡∂ö‡∑ê‡∂ª‡∑í ‡∂ö‡∑ú‡∂Ω‡∑ä‡∂Ω‡∑ú ‡∂∏‡∂∏ ‡∂ã‡∂π‡∑ô‡∂±‡∑ä ‡∂ä‡∂∫‡∑ô ‡∂Ö‡∑Ñ‡∂¥‡∑î ‡∂¥‡∑É‡∑ä‡∂±‡∑ô‡∂ß ‡∂ã‡∂≠‡∑ä‡∂≠‡∂ª‡∂∫‡∂ö‡∑ä ‡∑Ñ‡∂∏‡∑ä‡∂∂‡∑î‡∂±‡∑ä‡∂±‡∑ë,  ‡∂ö‡∑í‡∂∏‡∑ä‡∂∂ ‡∂±‡∂Ω‡∂Ω‡∂ß ‡∂ú‡∂≠‡∑ä‡∂≠‡∑î ‡∂ö‡∑ô‡∂Ω‡∑ä‡∂Ω‡∂±‡∑ä‡∂ß‡∂≠‡∑ä ‡∑Ä‡∂©‡∑è ‡∂¥‡∂ö‡∑ö ‡∂Ω‡∂∫‡∑í‡∂±‡∑ä ‡∂±‡∑ô ‡∂ã‡∂π‡∑ô‡∂≠‡∑ä ‡∑Ä‡∑ô‡∂Ω‡∑è‡∑Ä‡∂ö‡∂ß.",False,"[15, 132]","{'hashtags': [], 'symbols': [], 'user_mentions': [], 'urls': []}","<a href=""http://twitter.com/download/android"" rel=""nofollow"">Twitter for Android</a>",1.0609882412250358e+18,1060988241225035776,1105901318.0,1105901318,Indrajithlk,1022393959555915777,1022393959555915777,,,,,False,0,0,0,0,1060988241225035776,1060988241225035776,False,False,si,,,,,,,,,
1273084972346171393,Wed Jun 17 02:48:04 +0000 2020,1273084972346171393,1273084972346171393,@FiveVoicer ‡∂Ø‡∑è‡∂Ω ‡∂ú‡∑í‡∂∫ ‡∂ö‡∑í‡∂∏‡∑ä‡∂∂ ‡∑Ñ‡∂∏‡∂≠‡∑í‡∑É‡∑ä‡∑É‡∑ô‡∂∏ ‡∂∏‡∂≠‡∂ö‡∑ä ‡∑Ä‡∑ô‡∂±‡∑ä‡∂±‡∑ë‡∂±‡∑ö.. ‡∂ª‡∂ß‡∑ö ‡∂Ω‡∑ù‡∂ö‡∑ô ‡∂Ö‡∂±‡∑í‡∂ö‡∑ä ‡∂Ø‡∑ö‡∑Ä‡∂Ω‡∑î‡∂≠‡∑ä ‡∂Ø‡∑ê‡∂±‡∂ú‡∂±‡∑ä‡∂± ‡∂ï‡∂±‡∑í ‡∂±‡∑ö..,False,"[12, 91]","{'hashtags': [], 'symbols': [], 'user_mentions': [{'screen_name': 'FiveVoicer', 'name': 'DILA üá±üá∞ üéô', 'id': 2911831267, 'id_str': '2911831267', 'indices': [0, 11]}], 'urls': []}","<a href=""http://twitter.com/download/android"" rel=""nofollow"">Twitter for Android</a>",1.2729166132352246e+18,1272916613235224576,2911831267.0,2911831267,FiveVoicer,150624162,150624162,,,"{'id': '173c2bb9d42baaa5', 'url': 'https://api.twitter.com/1.1/geo/id/173c2bb9d42baaa5.json', 'place_type': 'country', 'name': 'Sri Lanka', 'full_name': 'Sri Lanka', 'country_code': 'LK', 'country': 'Sri Lanka', 'contained_within': [], 'bounding_box': {'type': 'Polygon', 'coordinates': [[[79.6505263, 5.9213829], [81.8787816, 5.9213829], [81.8787816, 9.8359375], [79.6505263, 9.8359375]]]}, 'attributes': {}}",,False,0,1,0,0,1272916613235224576,1272916613235224576,False,False,si,,,,,,,,,
981339915685314560,Wed Apr 04 01:17:22 +0000 2018,981339915685314560,981339915685314560,"‡∂¥‡∑ä‚Äç‡∂ª‡∂∞‡∑è‡∂± ‡∂ß‡∑í‡∂öüòê

‡∂¥‡∑î‡∂ª‡∑î‡∑Å‡∂Ω‡∑í‡∂Ç‡∂ú‡∂∫=‡∂¥‡∂∫‡∑í‡∂∫,‡∂¥‡∂ö
‡∑É‡∑ä‡∂≠‡∑ä‚Äç‡∂ª‡∑ì‡∂Ω‡∑í‡∂Ç‡∂ú‡∂∫=‡∑Ñ‡∑î‡∂≠‡∑ä‡∂≠,‡∂ö‡∑í‡∂∏‡∑ä‡∂∂
‡∂±‡∂¥‡∑î‡∂Ç‡∑É‡∂ö‡∂∫‡∑è=‡∂¥‡∑ú‡∂±‡∑ä‡∂±‡∂∫‡∑è
‡∑Ä‡∑ò‡∑Ç‡∂±‡∂∂‡∑í‡∂¢=‡∂á‡∂ß‡∂Ø‡∑ô‡∂ö
‡∑Å‡∑î‡∂ö‡∑ä‚Äç‡∂ª‡∑è‡∂´‡∑î=‡∂ö‡∑ê‡∂ª‡∑í

*‡∂∏‡∑ö‡∑Ä‡∑è ‡∂ö‡∑î‡∂±‡∑î‡∑Ñ‡∂ª‡∂¥ ‡∑Ä‡∑ô‡∂±‡∑ä‡∂±‡∑ô ‡∂ö‡∑ú‡∑Ñ‡∑ô‡∂∏‡∂Ø?

*‡∂ö‡∑ú‡∑Ö‡∂π ‡∑É‡∑í‡∂Ç‡∑Ñ‡∂Ω ‡∂∏‡∑Ñ‡∑è‡∂†‡∑è‡∂ª‡∑ä‡∂∫ ‡∂ö‡∑ô‡∂±‡∑ô‡∂ö‡∑ä‡∂∏ ‡∂ö‡∑í‡∂∫‡∂Ω‡∑è ‡∂≠‡∑í‡∂∫‡∂±‡∑Ä‡∑è ‡∂Ω‡∂Ç‡∂ö‡∑è‡∑Ä‡∑ö ‡∂≠‡∑í‡∂∫‡∑ô‡∂± ‡∂ë‡∂ö‡∂∏ ‡∂ö‡∑î‡∂±‡∑î‡∑Ñ‡∂ª‡∂¥‡∂∫ ""‡∂ú‡∂´‡∑í‡∂ö‡∑è‡∑Ä"" ‡∂ö‡∑í‡∂∫‡∂± ‡∂ë‡∂ö ‡∑Ä‡∑í‡∂≠‡∂ª‡∂∫‡∑í ‡∂ö‡∑í‡∂∫‡∂Ω‡∑è.‡∂Ö‡∂±‡∑í‡∂≠‡∑ä ‡∂ë‡∑Ä‡∑è ‡∂∏‡∑í‡∂±‡∑í‡∑É‡∑ä‡∑É‡∑î ‡∑Ñ‡∂Ø‡∑è‡∂ú‡∂≠‡∑ä‡∂≠ ‡∂¥‡∑Ñ‡∂≠‡∑ä ‡∂Ø‡∑ö‡∑Ä‡∂Ω‡∑äüòè",False,"[0, 271]","{'hashtags': [], 'symbols': [], 'user_mentions': [], 'urls': []}","<a href=""http://twitter.com/download/android"" rel=""nofollow"">Twitter for Android</a>",,,,,,3089536357,3089536357,,,"{'id': '173c2bb9d42baaa5', 'url': 'https://api.twitter.com/1.1/geo/id/173c2bb9d42baaa5.json', 'place_type': 'country', 'name': 'Sri Lanka', 'full_name': 'Sri Lanka', 'country_code': 'LK', 'country': 'Sri Lanka', 'contained_within': [], 'bounding_box': {'type': 'Polygon', 'coordinates': [[[79.6505263, 5.9213829], [81.8787816, 5.9213829], [81.8787816, 9.8359375], [79.6505263, 9.8359375]]]}, 'attributes': {}}",,False,3,17,2,0,981339915685314560,981339915685314560,False,False,si,,,,,"{'id': 981339915685314560, 'id_str': '981339915685314560'}",,,,
1272916613235224576,Tue Jun 16 15:39:04 +0000 2020,1272916613235224576,1272916613235224576,"‡∂Ø‡∑è‡∂Ω ‡∂ú‡∑í‡∂∫ ‡∂ö‡∑í‡∂∏‡∑ä‡∂∂‡∂ß ‡∂≠‡∑Ä‡∂∏ ‡∂ö‡∑Ä‡∑í ‡∂Ω‡∑í‡∂∫‡∂± ‡∂ë‡∑Ä‡∑î‡∂±‡∑ä
'‡∑É' ‡∂ß ‡∂ª‡∂ß ‡∂¥‡∑è‡∂Ω‡∂±‡∂∫ ‡∂ú‡∑ê‡∂± ‡∂ö‡∑í‡∂∫‡∂Ω‡∑è ‡∂Ø‡∑ô‡∂± ‡∂ë‡∂ö ‡∑Ñ‡∑ô‡∂´ ‡∂ö‡∑ê‡∂≠‡∂∫‡∑í..
üôÅ",False,"[0, 79]","{'hashtags': [], 'symbols': [], 'user_mentions': [], 'urls': []}","<a href=""http://twitter.com/download/android"" rel=""nofollow"">Twitter for Android</a>",,,,,,2911831267,2911831267,,,,,False,0,11,2,0,1272916613235224576,1272916613235224576,False,False,si,,,,,,,,,
1004359659828858880,Wed Jun 06 13:49:37 +0000 2018,1004359659828858880,1004359659828858880,‡∂ß‡∑Ñ‡∑í‡∂ö‡∑ô‡∂±‡∑Ä‡∑è ‡∂∫‡∂ö‡∑ù ‡∂∏‡∑ö‡∂ö üôÑ ‡∂ö‡∑í‡∂∏‡∑ä‡∂∂ ‡∂ö‡∑ê‡∂¥‡∑î‡∑Ä‡∑è ‡∂ö‡∂≠‡∑î‡∂ª‡∑ô‡∂±‡∑ä üôÑ ‡∂ö‡∑ê‡∂ª‡∑í‡∂∏ ‡∑Ü‡∑í‡∂Ω‡∑ä‡∂∏‡∑ä ‡∂ë‡∂ö‡∂ö‡∑ä ‡∂Ö‡∂∫‡∑í‡∑É‡∑ö üôÑüòç ‚Äî watching Antichrist,False,"[0, 90]","{'hashtags': [], 'symbols': [], 'user_mentions': [], 'urls': []}","<a href=""http://www.facebook.com/twitter"" rel=""nofollow"">Facebook</a>",,,,,,3186309132,3186309132,,,,,False,0,0,0,0,1004359659828858880,1004359659828858880,False,False,si,,,,,,,,,
541069376666214400,Sat Dec 06 03:19:26 +0000 2014,541069376666214400,541069376666214400,‡∂∏‡∑ö ‡∂ö‡∑í‡∂∏‡∑ä‡∂∂ ‡∂ö‡∑è‡∂ß‡∂Ø ‡∂ï‡∂±‡∑ö..?? http://t.co/D6oZaGEHKu,False,"[0, 44]","{'hashtags': [], 'symbols': [], 'user_mentions': [], 'urls': [{'url': 'http://t.co/D6oZaGEHKu', 'expanded_url': 'http://fb.me/79ey5jag6', 'display_url': 'fb.me/79ey5jag6', 'indices': [22, 44]}]}","<a href=""http://www.facebook.com/twitter"" rel=""nofollow"">Facebook</a>",,,,,,1532958246,1532958246,,,,,False,0,0,0,0,541069376666214400,541069376666214400,False,False,si,,,False,True,,,,,
843067455832436736,Sat Mar 18 11:51:59 +0000 2017,843067455832436736,843067455832436736,@kirihodi @Chagee_live ‡∂Ö‡∂¥‡∑ö ‡∂ë‡∑Ä‡∑î‡∂±‡∑ä‡∂ú‡∑ô ‡∂ö‡∑í‡∑Ä‡∑î ‡∂ö‡∑í‡∂∏‡∑ä‡∂∂ üòÇ,False,"[23, 47]","{'hashtags': [], 'symbols': [], 'user_mentions': [{'screen_name': 'kirihodi', 'name': 'chamod.', 'id': 951610039, 'id_str': '951610039', 'indices': [0, 9]}], 'urls': []}","<a href=""http://twitter.com/download/iphone"" rel=""nofollow"">Twitter for iPhone</a>",8.429905801793208e+17,842990580179320832,951610039.0,951610039,kirihodi,623929922,623929922,,,,,False,0,1,1,0,842958123128229888,842958123128229888,False,False,si,,,,,,,,,
653648844144574464,Mon Oct 12 19:10:03 +0000 2015,653648844144574464,653648844144574464,These guys are so casual with their threats of rape and murder and the worst part is that everyone just laughs it off like it's no big deal.,False,"[0, 140]","{'hashtags': [], 'symbols': [], 'user_mentions': [], 'urls': []}","<a href=""http://twitter.com"" rel=""nofollow"">Twitter Web Client</a>",6.536465748793098e+17,653646574879309824,31069427.0,31069427,himalkk,31069427,31069427,,,,,False,4,1,2,0,653646574879309824,653646574879309824,False,False,en,,,,,,,,,
900094748886798337,Tue Aug 22 20:38:05 +0000 2017,900094748886798337,900094748886798337,Loku Kimba Dutuwama - ‡∂Ω‡∑ú‡∂ö‡∑î ‡∂ö‡∑í‡∂∏‡∑ä‡∂∂ ‡∂Ø‡∑î‡∂ß‡∑î‡∑Ä‡∑è‡∂∏ - Digu Desa (Remix) - 18+ Song - YouTube https://t.co/enda5Vk9fo,False,"[0, 105]","{'hashtags': [], 'symbols': [], 'user_mentions': [], 'urls': [{'url': 'https://t.co/enda5Vk9fo', 'expanded_url': 'https://m.youtube.com/watch?v=UpvHXZRQoyI', 'display_url': 'm.youtube.com/watch?v=UpvHXZ‚Ä¶', 'indices': [82, 105]}]}","<a href=""http://twitter.com/download/iphone"" rel=""nofollow"">Twitter for iPhone</a>",,,,,,863282291321315328,863282291321315328,,,,,False,0,0,0,0,900094748886798337,900094748886798337,False,False,et,,,False,True,,,,,
1296386817822830592,Thu Aug 20 10:01:17 +0000 2020,1296386817822830592,1296386817822830592,LMAO there's a character named ‡∂ö‡∑í‡∂∏‡∑ä‡∂∂ in @ThePeakyBlinder,False,"[0, 56]","{'hashtags': [], 'symbols': [], 'user_mentions': [{'screen_name': 'ThePeakyBlinder', 'name': 'Peaky Blinders', 'id': 1288485038, 'id_str': '1288485038', 'indices': [40, 56]}], 'urls': []}","<a href=""http://twitter.com/download/android"" rel=""nofollow"">Twitter for Android</a>",,,,,,2932558608,2932558608,,,,,False,0,0,0,0,1296386817822830592,1296386817822830592,False,False,en,,,,,,,,,
1231946078360043520,Mon Feb 24 14:16:48 +0000 2020,1231946078360043520,1231946078360043520,"*‡∂ö‡∑î‡∂´‡∑î‡∑Ñ‡∂ª‡∂¥ ‡∑Ñ‡∂ß‡∂ú‡∂±‡∑ä‡∂±‡∑è ‡∂Ü‡∂ö‡∑è‡∂ª 

(1)‡∂Ω‡∑í‡∂Ç‡∂ú‡∑í‡∂ö ‡∂Ö‡∑Ä‡∂∫‡∑Ä ‡∂∏‡∑î‡∂Ω‡∑ä‡∂ö‡∂ª‡∂ú‡∑ô‡∂± ‡∑Ñ‡∂ß‡∂ú‡∂±‡∑ä‡∂± ‡∂ö‡∑î‡∂±‡∑î‡∑Ñ‡∂ª‡∂¥(‡∂∏‡∑ö‡∑Ä‡∑è ‡∂â‡∂≠‡∑í‡∂ª‡∑í ‡∂ö‡∑î‡∂±‡∑î‡∑Ñ‡∂ª‡∂¥ ‡∑É‡∑ë‡∂Ø‡∑ì‡∂∏ ‡∑É‡∂Ø‡∑Ñ‡∑è ‡∂Ø‡∑è‡∂∫‡∂ö ‡∑Ä‡∑ö)

 ‡∂∫‡∑ù‡∂±‡∑í‡∂∫=‡∑Ñ‡∑î‡∂≠‡∑ä‡∂≠,‡∂ö‡∑í‡∂∏‡∑ä‡∂∂
 ‡∑Å‡∑í‡∑Ç‡∑ä‡∂±‡∂∫= ‡∂¥‡∂ö,‡∂¥‡∂∫‡∑í‡∂∫
 ‡∂±‡∂¥‡∑î‡∂Ç‡∑É‡∂ö=‡∂¥‡∑ú‡∂±‡∑ä‡∂±‡∂∫‡∑è

‡∑Ñ‡∑î‡∂≠‡∑ä‡∂≠"" ‡∂¥‡∑ä‚Äç‡∂ª‡∑è‡∂´‡∑Ä‡∑è‡∂†‡∑ì ‡∂ö‡∑í‡∂ª‡∑ì‡∂∏‡∑ô‡∂±‡∑ä ""‡∑Ñ‡∑î‡∂≠‡∑ä‡∂≠‡∑è"" ‡∑É‡∑Ñ ""‡∑Ñ‡∑î‡∂≠‡∑ä‡∂≠‡∑ì""‡∂Ø, ""‡∂¥‡∂ö"" ‡∂¥‡∑ä‚Äç‡∂ª‡∑è‡∂´‡∑Ä‡∑è‡∂†‡∑ì ‡∂ö‡∑í‡∂ª‡∑ì‡∂∏‡∑ô‡∂±‡∑ä ""‡∂¥‡∂ö‡∂∫‡∑è""‡∂Ø ‡∑Ñ‡∂ß‡∂ú‡∂±‡∑ì...",False,"[0, 248]","{'hashtags': [], 'symbols': [], 'user_mentions': [], 'urls': []}","<a href=""http://twitter.com/download/iphone"" rel=""nofollow"">Twitter for iPhone</a>",,,,,,717881136,717881136,,,"{'id': '173c2bb9d42baaa5', 'url': 'https://api.twitter.com/1.1/geo/id/173c2bb9d42baaa5.json', 'place_type': 'country', 'name': 'Sri Lanka', 'full_name': 'Sri Lanka', 'country_code': 'LK', 'country': 'Sri Lanka', 'contained_within': [], 'bounding_box': {'type': 'Polygon', 'coordinates': [[[79.6505263, 5.9213829], [81.8787816, 5.9213829], [81.8787816, 9.8359375], [79.6505263, 9.8359375]]]}, 'attributes': {}}",,False,2,21,4,1,1231946078360043520,1231946078360043520,False,False,si,,,,,"{'id': 1231946078360043520, 'id_str': '1231946078360043520'}",,,,
1309357710555504640,Fri Sep 25 05:02:59 +0000 2020,1309357710555504640,1309357710555504640,"@lankansexylucy ‡∂∏‡∑ö‡∂ö‡∂Ø ‡∂Ö‡∂ö‡∑ä‡∂ö‡∑í ‡∂î‡∂∫‡∑è‡∂ú‡∑ö ‡∂ë‡∂öü•∫ü•∫,‡∂±‡∑ö ‡∂∏‡∂ß ‡∂â‡∂±‡∑ä‡∂± ‡∂∂‡∑ë. ‡∂î‡∂∫‡∑è‡∂ú‡∑ö ‡∂ö‡∑í‡∂∏‡∑ä‡∂∂ ‡∂Ø‡∑ê‡∂ö‡∑ä‡∂ö‡∂∏‡∂≠‡∑ä ‡∂∏‡∂ú‡∑ö ‡∂¥‡∂∫‡∑í‡∂∫‡∑ô‡∂±‡∑ä ‡∂±‡∑í‡∂ö‡∂±‡∑ä‡∂∏ ‡∂ö‡∑í‡∂ª‡∑í ‡∂ë‡∂±‡∑Ä‡∑èü•∫, ‡∂Ö‡∂±‡∑ö.‡∂∏‡∂ß ‡∂î‡∂∫‡∑è‡∂ú‡∑ô ‡∂ï‡∂ö‡∂Ω‡∑ô‡∑Ä‡∂ö‡∂±‡∑ä‡∂± ‡∂ï‡∂±‡∑ô.ü•∫ü•∫, ‡∂î‡∂∫‡∑è‡∂ú‡∑ö ‡∑Ä‡∂ß‡∑ä‡∑É‡∑ä‡∂á‡∂¥‡∑ä ‡∑Ñ‡∂ª‡∑í ‡∂â‡∂±‡∑ä‡∂ß‡∂ú‡∑ä‚Äç‡∂ª‡∑ë‡∂∏‡∑ä ‡∑Ñ‡∂ª‡∑í ‡∂≠‡∑í‡∂∫‡∂±‡∑Ä‡∂±‡∂∏‡∑ä ‡∂ö‡∑í‡∂∫‡∂±‡∑ä‡∂±‡∂ö‡∑ú.üò£ü•∫",False,"[16, 191]","{'hashtags': [], 'symbols': [], 'user_mentions': [{'screen_name': 'lankansexylucy', 'name': 'Hot Wife Lucy 17K üá±üá∞ ¬©Ô∏è', 'id': 952372283854565376, 'id_str': '952372283854565376', 'indices': [0, 15]}], 'urls': []}","<a href=""http://twitter.com/download/iphone"" rel=""nofollow"">Twitter for iPhone</a>",1.307542093867303e+18,1307542093867302912,9.523722838545654e+17,952372283854565376,lankansexylucy,1212378805873954817,1212378805873954817,,,,,False,0,2,1,0,1307542093867302912,1307542093867302912,False,False,si,,,,,,,,,
1361716705022464000,Tue Feb 16 16:38:56 +0000 2021,1361716705022464000,1361716705022464000,‡∂•‡∑è‡∂≠‡∑í ‡∂Ø‡∑í‡∂∫‡∂´‡∑í‡∂∫‡∂ö ‡∑É‡∑í‡∂∫ ‡∂ã‡∂¥‡∂±‡∑ä‡∂Ø‡∑í‡∂± ‡∑É‡∑è‡∂Ø‡∂∫‡∂ß ‡∂ö‡∑ú‡∂ß ‡∂á‡∂Ø‡∑î‡∂∏‡∂ö‡∑ä ‡∂á‡∂Ø ‡∂¥‡∑è‡∂ß‡∑í ‡∂Ø‡∑ê‡∂∏‡∑ä‡∂∏‡∑è ‡∂∫‡∑í ‡∑Ä‡∑ô‡∂±‡∂≠‡∑ä ‡∂±‡∑ë‡∂∫‡∑ô‡∂ö‡∑î ‡∂ö‡∑ì‡∑Ä‡∑è‡∂∫. ‡∂í ‡∂∂‡∑ì‡∂∏‡∂∂‡∂ß ‡∂ö‡∂ö‡∑î‡∂Ω‡∑ä ‡∑Ä‡∂Ω‡∂ß ‡∂ö‡∑ú‡∂ß‡∑ë‡∂Ø‡∑î‡∂∏ ‡∂±‡∑ú‡∂ú‡∑ê‡∂Ω‡∂¥‡∑ô . ‡∂í‡∂≠‡∑ä ‡∂Ö‡∂±‡∑í‡∂ö‡∑ä ‡∂±‡∑ë‡∂∫‡∑ù ‡∂í ‡∂ö‡∑ú‡∂ß ‡∂á‡∂Ø‡∑î‡∂∏‡∑í‡∂±‡∑ä ‡∂ö‡∑í‡∂∏‡∑ä‡∂∂ ‡∂Ω‡∑ú‡∑Ä‡∂ß ‡∂¥‡∑ô‡∂±‡∑î‡∂±‡∑è‡∑É‡∑ö ‡∂ë‡∂∫‡∂ß ‡∂ã‡∂ª‡∂´‡∑Ä ‡∂á‡∂≠.,False,"[0, 177]","{'hashtags': [], 'symbols': [], 'user_mentions': [], 'urls': []}","<a href=""http://twitter.com/download/android"" rel=""nofollow"">Twitter for Android</a>",,,,,,150624162,150624162,,,"{'id': '173c2bb9d42baaa5', 'url': 'https://api.twitter.com/1.1/geo/id/173c2bb9d42baaa5.json', 'place_type': 'country', 'name': 'Sri Lanka', 'full_name': 'Sri Lanka', 'country_code': 'LK', 'country': 'Sri Lanka', 'contained_within': [], 'bounding_box': {'type': 'Polygon', 'coordinates': [[[79.6505263, 5.9213829], [81.8787816, 5.9213829], [81.8787816, 9.8359375], [79.6505263, 9.8359375]]]}, 'attributes': {}}",,False,0,16,0,1,1361716705022464000,1361716705022464000,False,False,si,,,,,,,,,
1250064455406366721,Tue Apr 14 14:12:45 +0000 2020,1250064455406366721,1250064455406366721,"@joenciaga Disney also claimed The Lion King is their first original production not adapted but based on Shakespeare and Bambi. Kimba the White Lion originates in the 50‚Äôs, the Japanese artist died in 1989 the same year Disney began production. https://t.co/7XTvAxZnCn",False,"[11, 244]","{'hashtags': [], 'symbols': [], 'user_mentions': [], 'urls': [], 'media': [{'id': 1250063945907474437, 'id_str': '1250063945907474437', 'indices': [245, 268], 'media_url': 'http://pbs.twimg.com/media/EVkeiSJWkAUFRxT.jpg', 'media_url_https': 'https://pbs.twimg.com/media/EVkeiSJWkAUFRxT.jpg', 'url': 'https://t.co/7XTvAxZnCn', 'display_url': 'pic.twitter.com/7XTvAxZnCn', 'expanded_url': 'https://twitter.com/kkscott25/status/1250064455406366721/photo/1', 'type': 'photo', 'original_info': {'width': 1149, 'height': 1365, 'focus_rects': [{'x': 0, 'y': 722, 'h': 643, 'w': 1149}, {'x': 0, 'y': 216, 'h': 1149, 'w': 1149}, {'x': 0, 'y': 55, 'h': 1310, 'w': 1149}, {'x': 466, 'y': 0, 'h': 1365, 'w': 683}, {'x': 0, 'y': 0, 'h': 1365, 'w': 1149}]}, 'sizes': {'thumb': {'w': 150, 'h': 150, 'resize': 'crop'}, 'small': {'w': 572, 'h': 680, 'resize': 'fit'}, 'medium': {'w': 1010, 'h': 1200, 'resize': 'fit'}, 'large': {'w': 1149, 'h': 1365, 'resize': 'fit'}}, 'features': {'orig': {'faces': []}, 'small': {'faces': []}, 'medium': {'faces': []}, 'large': {'faces': []}}}, {'id': 1250063945899085824, 'id_str': '1250063945899085824', 'indices': [245, 268], 'media_url': 'http://pbs.twimg.com/media/EVkeiSHWkAAD99e.jpg', 'media_url_https': 'https://pbs.twimg.com/media/EVkeiSHWkAAD99e.jpg', 'url': 'https://t.co/7XTvAxZnCn', 'display_url': 'pic.twitter.com/7XTvAxZnCn', 'expanded_url': 'https://twitter.com/kkscott25/status/1250064455406366721/photo/1', 'type': 'photo', 'original_info': {'width': 1069, 'height': 1372, 'focus_rects': [{'x': 0, 'y': 9, 'h': 599, 'w': 1069}, {'x': 0, 'y': 0, 'h': 1069, 'w': 1069}, {'x': 0, 'y': 0, 'h': 1219, 'w': 1069}, {'x': 383, 'y': 0, 'h': 1372, 'w': 686}, {'x': 0, 'y': 0, 'h': 1372, 'w': 1069}]}, 'sizes': {'large': {'w': 1069, 'h': 1372, 'resize': 'fit'}, 'small': {'w': 530, 'h': 680, 'resize': 'fit'}, 'thumb': {'w': 150, 'h': 150, 'resize': 'crop'}, 'medium': {'w': 935, 'h': 1200, 'resize': 'fit'}}, 'features': {'large': {'faces': []}, 'small': {'faces': []}, 'orig': {'faces': []}, 'medium': {'faces': []}}}, {'id': 1250063945911742465, 'id_str': '1250063945911742465', 'indices': [245, 268], 'media_url': 'http://pbs.twimg.com/media/EVkeiSKXsAEhT6q.jpg', 'media_url_https': 'https://pbs.twimg.com/media/EVkeiSKXsAEhT6q.jpg', 'url': 'https://t.co/7XTvAxZnCn', 'display_url': 'pic.twitter.com/7XTvAxZnCn', 'expanded_url': 'https://twitter.com/kkscott25/status/1250064455406366721/photo/1', 'type': 'photo', 'original_info': {'width': 1143, 'height': 1359, 'focus_rects': [{'x': 0, 'y': 597, 'h': 640, 'w': 1143}, {'x': 0, 'y': 216, 'h': 1143, 'w': 1143}, {'x': 0, 'y': 56, 'h': 1303, 'w': 1143}, {'x': 0, 'y': 0, 'h': 1359, 'w': 680}, {'x': 0, 'y': 0, 'h': 1359, 'w': 1143}]}, 'sizes': {'medium': {'w': 1009, 'h': 1200, 'resize': 'fit'}, 'thumb': {'w': 150, 'h': 150, 'resize': 'crop'}, 'small': {'w': 572, 'h': 680, 'resize': 'fit'}, 'large': {'w': 1143, 'h': 1359, 'resize': 'fit'}}, 'features': {'medium': {'faces': [{'x': 352, 'y': 334, 'h': 95, 'w': 95}]}, 'small': {'faces': [{'x': 199, 'y': 189, 'h': 54, 'w': 54}]}, 'large': {'faces': [{'x': 399, 'y': 379, 'h': 108, 'w': 108}]}, 'orig': {'faces': [{'x': 399, 'y': 379, 'h': 108, 'w': 108}]}}}, {'id': 1250063945907474440, 'id_str': '1250063945907474440', 'indices': [245, 268], 'media_url': 'http://pbs.twimg.com/media/EVkeiSJWkAgTMl6.jpg', 'media_url_https': 'https://pbs.twimg.com/media/EVkeiSJWkAgTMl6.jpg', 'url': 'https://t.co/7XTvAxZnCn', 'display_url': 'pic.twitter.com/7XTvAxZnCn', 'expanded_url': 'https://twitter.com/kkscott25/status/1250064455406366721/photo/1', 'type': 'photo', 'original_info': {'width': 1153, 'height': 1363, 'focus_rects': [{'x': 0, 'y': 717, 'h': 646, 'w': 1153}, {'x': 0, 'y': 210, 'h': 1153, 'w': 1153}, {'x': 0, 'y': 49, 'h': 1314, 'w': 1153}, {'x': 0, 'y': 0, 'h': 1363, 'w': 682}, {'x': 0, 'y': 0, 'h': 1363, 'w': 1153}]}, 'sizes': {'medium': {'w': 1015, 'h': 1200, 'resize': 'fit'}, 'thumb': {'w': 150, 'h': 150, 'resize': 'crop'}, 'large': {'w': 1153, 'h': 1363, 'resize': 'fit'}, 'small': {'w': 575, 'h': 680, 'resize': 'fit'}}, 'features': {'orig': {'faces': []}, 'medium': {'faces': []}, 'large': {'faces': []}, 'small': {'faces': []}}}]}","<a href=""https://mobile.twitter.com"" rel=""nofollow"">Twitter Web App</a>",1.2499959703661117e+18,1249995970366111744,1.0044496579997655e+18,1004449657999765505,kicks_re,369474687,369474687,,,,,False,4723,24147,64,355,1249995970366111744,1249995970366111744,False,False,en,,"{'media': [{'id': 1250063945907474437, 'id_str': '1250063945907474437', 'indices': [245, 268], 'media_url': 'http://pbs.twimg.com/media/EVkeiSJWkAUFRxT.jpg', 'media_url_https': 'https://pbs.twimg.com/media/EVkeiSJWkAUFRxT.jpg', 'url': 'https://t.co/7XTvAxZnCn', 'display_url': 'pic.twitter.com/7XTvAxZnCn', 'expanded_url': 'https://twitter.com/kkscott25/status/1250064455406366721/photo/1', 'type': 'photo', 'original_info': {'width': 1149, 'height': 1365, 'focus_rects': [{'x': 0, 'y': 722, 'h': 643, 'w': 1149}, {'x': 0, 'y': 216, 'h': 1149, 'w': 1149}, {'x': 0, 'y': 55, 'h': 1310, 'w': 1149}, {'x': 466, 'y': 0, 'h': 1365, 'w': 683}, {'x': 0, 'y': 0, 'h': 1365, 'w': 1149}]}, 'sizes': {'thumb': {'w': 150, 'h': 150, 'resize': 'crop'}, 'small': {'w': 572, 'h': 680, 'resize': 'fit'}, 'medium': {'w': 1010, 'h': 1200, 'resize': 'fit'}, 'large': {'w': 1149, 'h': 1365, 'resize': 'fit'}}, 'features': {'orig': {'faces': []}, 'small': {'faces': []}, 'medium': {'faces': []}, 'large': {'faces': []}}, 'media_key': '3_1250063945907474437', 'ext_media_color': {'palette': [{'rgb': {'red': 164, 'green': 101, 'blue': 32}, 'percentage': 24.22}, {'rgb': {'red': 204, 'green': 126, 'blue': 102}, 'percentage': 21.66}, {'rgb': {'red': 229, 'green': 201, 'blue': 202}, 'percentage': 11.0}, {'rgb': {'red': 61, 'green': 42, 'blue': 26}, 'percentage': 10.82}, {'rgb': {'red': 188, 'green': 85, 'blue': 12}, 'percentage': 7.6}]}, 'ext_alt_text': None, 'ext_media_availability': {'status': 'available'}, 'ext': {'mediaStats': {'r': 'Missing', 'ttl': -1}}}, {'id': 1250063945899085824, 'id_str': '1250063945899085824', 'indices': [245, 268], 'media_url': 'http://pbs.twimg.com/media/EVkeiSHWkAAD99e.jpg', 'media_url_https': 'https://pbs.twimg.com/media/EVkeiSHWkAAD99e.jpg', 'url': 'https://t.co/7XTvAxZnCn', 'display_url': 'pic.twitter.com/7XTvAxZnCn', 'expanded_url': 'https://twitter.com/kkscott25/status/1250064455406366721/photo/1', 'type': 'photo', 'original_info': {'width': 1069, 'height': 1372, 'focus_rects': [{'x': 0, 'y': 9, 'h': 599, 'w': 1069}, {'x': 0, 'y': 0, 'h': 1069, 'w': 1069}, {'x': 0, 'y': 0, 'h': 1219, 'w': 1069}, {'x': 383, 'y': 0, 'h': 1372, 'w': 686}, {'x': 0, 'y': 0, 'h': 1372, 'w': 1069}]}, 'sizes': {'large': {'w': 1069, 'h': 1372, 'resize': 'fit'}, 'small': {'w': 530, 'h': 680, 'resize': 'fit'}, 'thumb': {'w': 150, 'h': 150, 'resize': 'crop'}, 'medium': {'w': 935, 'h': 1200, 'resize': 'fit'}}, 'features': {'large': {'faces': []}, 'small': {'faces': []}, 'orig': {'faces': []}, 'medium': {'faces': []}}, 'media_key': '3_1250063945899085824', 'ext_alt_text': None, 'ext_media_availability': {'status': 'available'}, 'ext_media_color': {'palette': [{'rgb': {'red': 52, 'green': 60, 'blue': 56}, 'percentage': 30.53}, {'rgb': {'red': 197, 'green': 201, 'blue': 205}, 'percentage': 12.24}, {'rgb': {'red': 62, 'green': 39, 'blue': 5}, 'percentage': 8.78}, {'rgb': {'red': 200, 'green': 140, 'blue': 8}, 'percentage': 5.4}, {'rgb': {'red': 6, 'green': 28, 'blue': 53}, 'percentage': 5.09}]}, 'ext': {'mediaStats': {'r': 'Missing', 'ttl': -1}}}, {'id': 1250063945911742465, 'id_str': '1250063945911742465', 'indices': [245, 268], 'media_url': 'http://pbs.twimg.com/media/EVkeiSKXsAEhT6q.jpg', 'media_url_https': 'https://pbs.twimg.com/media/EVkeiSKXsAEhT6q.jpg', 'url': 'https://t.co/7XTvAxZnCn', 'display_url': 'pic.twitter.com/7XTvAxZnCn', 'expanded_url': 'https://twitter.com/kkscott25/status/1250064455406366721/photo/1', 'type': 'photo', 'original_info': {'width': 1143, 'height': 1359, 'focus_rects': [{'x': 0, 'y': 597, 'h': 640, 'w': 1143}, {'x': 0, 'y': 216, 'h': 1143, 'w': 1143}, {'x': 0, 'y': 56, 'h': 1303, 'w': 1143}, {'x': 0, 'y': 0, 'h': 1359, 'w': 680}, {'x': 0, 'y': 0, 'h': 1359, 'w': 1143}]}, 'sizes': {'medium': {'w': 1009, 'h': 1200, 'resize': 'fit'}, 'thumb': {'w': 150, 'h': 150, 'resize': 'crop'}, 'small': {'w': 572, 'h': 680, 'resize': 'fit'}, 'large': {'w': 1143, 'h': 1359, 'resize': 'fit'}}, 'features': {'medium': {'faces': [{'x': 352, 'y': 334, 'h': 95, 'w': 95}]}, 'small': {'faces': [{'x': 199, 'y': 189, 'h': 54, 'w': 54}]}, 'large': {'faces': [{'x': 399, 'y': 379, 'h': 108, 'w': 108}]}, 'orig': {'faces': [{'x': 399, 'y': 379, 'h': 108, 'w': 108}]}}, 'media_key': '3_1250063945911742465', 'ext_media_color': {'palette': [{'rgb': {'red': 247, 'green': 253, 'blue': 247}, 'percentage': 23.31}, {'rgb': {'red': 88, 'green': 60, 'blue': 17}, 'percentage': 20.03}, {'rgb': {'red': 96, 'green': 98, 'blue': 73}, 'percentage': 17.32}, {'rgb': {'red': 158, 'green': 151, 'blue': 86}, 'percentage': 11.53}, {'rgb': {'red': 50, 'green': 37, 'blue': 18}, 'percentage': 3.59}]}, 'ext_alt_text': None, 'ext_media_availability': {'status': 'available'}, 'ext': {'mediaStats': {'r': 'Missing', 'ttl': -1}}}, {'id': 1250063945907474440, 'id_str': '1250063945907474440', 'indices': [245, 268], 'media_url': 'http://pbs.twimg.com/media/EVkeiSJWkAgTMl6.jpg', 'media_url_https': 'https://pbs.twimg.com/media/EVkeiSJWkAgTMl6.jpg', 'url': 'https://t.co/7XTvAxZnCn', 'display_url': 'pic.twitter.com/7XTvAxZnCn', 'expanded_url': 'https://twitter.com/kkscott25/status/1250064455406366721/photo/1', 'type': 'photo', 'original_info': {'width': 1153, 'height': 1363, 'focus_rects': [{'x': 0, 'y': 717, 'h': 646, 'w': 1153}, {'x': 0, 'y': 210, 'h': 1153, 'w': 1153}, {'x': 0, 'y': 49, 'h': 1314, 'w': 1153}, {'x': 0, 'y': 0, 'h': 1363, 'w': 682}, {'x': 0, 'y': 0, 'h': 1363, 'w': 1153}]}, 'sizes': {'medium': {'w': 1015, 'h': 1200, 'resize': 'fit'}, 'thumb': {'w': 150, 'h': 150, 'resize': 'crop'}, 'large': {'w': 1153, 'h': 1363, 'resize': 'fit'}, 'small': {'w': 575, 'h': 680, 'resize': 'fit'}}, 'features': {'orig': {'faces': []}, 'medium': {'faces': []}, 'large': {'faces': []}, 'small': {'faces': []}}, 'media_key': '3_1250063945907474440', 'ext_alt_text': None, 'ext_media_availability': {'status': 'available'}, 'ext_media_color': {'palette': [{'rgb': {'red': 55, 'green': 44, 'blue': 33}, 'percentage': 28.43}, {'rgb': {'red': 192, 'green': 207, 'blue': 221}, 'percentage': 17.71}, {'rgb': {'red': 100, 'green': 135, 'blue': 191}, 'percentage': 13.46}, {'rgb': {'red': 126, 'green': 88, 'blue': 55}, 'percentage': 10.23}, {'rgb': {'red': 30, 'green': 45, 'blue': 66}, 'percentage': 7.23}]}, 'ext': {'mediaStats': {'r': 'Missing', 'ttl': -1}}}]}",False,True,,,,,
1322899693177745409,Sun Nov 01 13:53:59 +0000 2020,1322899693177745409,1322899693177745409,Finally getting around to see @ThePeakyBlinder,False,"[0, 46]","{'hashtags': [], 'symbols': [], 'user_mentions': [{'screen_name': 'ThePeakyBlinder', 'name': 'Peaky Blinders', 'id': 1288485038, 'id_str': '1288485038', 'indices': [30, 46]}], 'urls': []}","<a href=""https://mobile.twitter.com"" rel=""nofollow"">Twitter Web App</a>",,,,,,2599874101,2599874101,,,,,False,0,13,5,0,1322899693177745409,1322899693177745409,False,False,en,,,,,"{'id': 1322899693177745409, 'id_str': '1322899693177745409'}",,,,
1322910583943962624,Sun Nov 01 14:37:16 +0000 2020,1322910583943962624,1322910583943962624,Two episodes in and there's already a guy called ‡∂ö‡∑í‡∂∏‡∑ä‡∂∂.,False,"[0, 55]","{'hashtags': [], 'symbols': [], 'user_mentions': [], 'urls': []}","<a href=""http://twitter.com/download/android"" rel=""nofollow"">Twitter for Android</a>",1.3228996931777454e+18,1322899693177745409,2599874101.0,2599874101,kriticalvodka,2599874101,2599874101,,,,,False,0,4,0,0,1322899693177745409,1322899693177745409,False,False,en,,,,,"{'id': 1322899693177745409, 'id_str': '1322899693177745409'}",,,,
1347120740399788035,Thu Jan 07 09:59:47 +0000 2021,1347120740399788035,1347120740399788035,@surangasenawir1 ‡∂Ö‡∂Ω‡∑ä‡∂Ω‡∂¥‡∑î ‡∂ú‡∑ö‡∂Ø‡∂ª ‡∂±‡∑ê‡∂±‡∑ä‡∂Ø‡∂ú‡∑ö ‡∂Ø‡∑î‡∑Ä‡∂ú‡∑ö ‡∂ö‡∑í‡∂∏‡∑ä‡∂∂ ‡∑Ä‡∂ú‡∑ö ‡∂∏‡∂∫‡∑í,False,"[17, 56]","{'hashtags': [], 'symbols': [], 'user_mentions': [{'screen_name': 'surangasenawir1', 'name': 'Wife LK üá±üá∞', 'id': 1320207212459982849, 'id_str': '1320207212459982849', 'indices': [0, 16]}], 'urls': []}","<a href=""http://twitter.com/download/android"" rel=""nofollow"">Twitter for Android</a>",1.339640863354364e+18,1339640863354363905,1.3202072124599828e+18,1320207212459982849,surangasenawir1,1325509058812579843,1325509058812579843,,,,,False,0,0,0,0,1339640863354363905,1339640863354363905,False,False,si,,,,,,,,,
910928312632958976,Thu Sep 21 18:06:48 +0000 2017,910928312632958976,910928312632958976,‡∂∂‡∂Ø‡∑í‡∂± ‡∂ö‡∑ú‡∂ß ‡∑Ä‡∂ß‡∑ö‡∂ß‡∂∏ ‡∂Ö‡∂Ω‡∑ä‡∂Ω‡∂Ω‡∑è ‡∂ö‡∑í‡∂∏‡∑ä‡∂∂ ‡∂ö‡∑ê‡∂Ω‡∂±‡∑í ‡∂¥‡∑è‡∂Ω‡∂∏ ‡∑Ä‡∂ú‡∑ö ‡∑Ä‡∑ô‡∂†‡∑ä‡∂† ‡∂∂‡∑ê‡∂±‡∑ä‡∂Ø‡∂ß ‡∂¥‡∑É‡∑ä‡∑É‡∑ô‡∂≠‡∑ä ‡∑Ä‡∂ß‡∑ö ‡∂∫‡∂± ‡∂¥‡∂≠‡∑ä‡∂≠‡∑í‡∂±‡∑í ‡∂Ö‡∂∏‡∑ä‡∂∏ ‡∂ö‡∑ô‡∂±‡∑ô‡∂ö‡∑ä ‡∂∂‡∂Ø‡∑í‡∂±‡∑ä ‡∂ï‡∂±. üòèüòè,False,"[0, 103]","{'hashtags': [], 'symbols': [], 'user_mentions': [], 'urls': []}","<a href=""http://www.facebook.com/twitter"" rel=""nofollow"">Facebook</a>",,,,,,1162250540,1162250540,,,,,False,0,0,0,0,910928312632958976,910928312632958976,False,False,si,,,,,,,,,
873668760749690880,Sat Jun 10 22:30:39 +0000 2017,873668760749690880,873668760749690880,@PiumiHansamali ‡∂Ö‡∂¥‡∑ä‡∂¥‡∂ß ‡∑É‡∑í‡∂ª‡∑í ‡∑Ñ‡∑î‡∂ö‡∂±‡∑ä‡∂±‡∂∏‡∂∫‡∑í ‡∑Ñ‡∑í‡∂≠‡∑ö‡∂±‡∑ä‡∂±‡∑ö ‡∂ö‡∑í‡∂∏‡∑ä‡∂∂ ‡∂Ø‡∑ö‡∂±‡∑ä‡∂±‡∂ö‡∑ú ‡∑Ñ‡∑ú‡∂Ø‡∂ß ‡∂Ø‡∑í‡∑Ä‡∂Ø‡∑è‡∂Ω‡∑è ‡∂ã‡∂ª‡∂Ω‡∑è ‡∑Ä‡∂≠‡∑î‡∂ª ‡∂ß‡∑í‡∂ö ‡∂ë‡∂Ω‡∑í‡∂∫‡∂ß ‡∂ú‡∂±‡∑ä‡∂±‡∂Ç,False,"[16, 98]","{'hashtags': [], 'symbols': [], 'user_mentions': [{'screen_name': 'PiumiHansamali', 'name': 'Piumi Hansamali', 'id': 865957605264433153, 'id_str': '865957605264433153', 'indices': [0, 15]}], 'urls': []}","<a href=""http://twitter.com/download/android"" rel=""nofollow"">Twitter for Android</a>",8.730294847100436e+17,873029484710043648,8.659576052644332e+17,865957605264433153,PiumiHansamali,869330559046168584,869330559046168584,,,,,False,0,0,0,0,873029484710043648,873029484710043648,False,False,si,,,,,,,,,
1350872968381964288,Sun Jan 17 18:29:48 +0000 2021,1350872968381964288,1350872968381964288,‡∂∏‡∑î‡∂Ç ‡∂î‡∂ö‡∑ä‡∂ö‡∑ú‡∂ß‡∑ú‡∂∏ ‡∂∂‡∑ê‡∂ß‡∑ä ‡∂ë‡∂ö‡∂ß ‡∂∂‡∑ù‡∂Ω‡∑ô‡∂ß ‡∑Ä‡∂©‡∑è ‡∂ö‡∑í‡∂∏‡∑ä‡∂∂ ‡∂Ω‡∑ú‡∂ö‡∑î‡∑Ä‡∑ô‡∂Ω‡∑è‡∂±‡∑ö.. ‡∂â‡∂≠‡∑í‡∂±‡∑ä ‡∂ú‡∑Ñ‡∂∫‡∑í‡∂Ø ‡∂ö‡∑ä‚Äç‡∂ª‡∑í‡∂ö‡∂ß‡∑ä. ü§∑üòÇ #SriLankanCricket,False,"[0, 93]","{'hashtags': [{'text': 'SriLankanCricket', 'indices': [76, 93]}], 'symbols': [], 'user_mentions': [], 'urls': []}","<a href=""http://twitter.com/download/android"" rel=""nofollow"">Twitter for Android</a>",,,,,,1326867456,1326867456,,,,,False,0,5,1,0,1350872968381964288,1350872968381964288,False,False,si,,,,,,,,,
1219327274618695682,Mon Jan 20 18:34:10 +0000 2020,1219327274618695682,1219327274618695682,@Chandu_original ‡∂∏‡∂Ç ‡∑Ñ‡∑í‡∂≠‡∂±‡∑ä‡∂±‡∑ô ‡∂∏‡∑ö ‡∂ö‡∑í‡∂∫‡∂±‡∑ä‡∂±‡∑ô @duliponline ‡∂ö‡∑ê‡∂≠‡∂∫‡∑í ‡∂ö‡∑í‡∂∫‡∂Ω (‡∂¥‡∑ä‚Äç‡∂ª‡∑É‡∂±‡∑ä‡∂± ‡∂ª‡∂´‡∑Ä‡∑ì‡∂ª ‡∑Ä‡∂ú‡∑ö). ‡∂∂‡∑ê‡∂Ø‡∑ä‡∂Ø‡∂ú‡∑ö ‡∂¥‡∑ú‡∂Ω‡∑ä ‡∂ö‡∑í‡∂∏‡∑ä‡∂∂‡∂ö‡∂ß ‡∂ã‡∂¥‡∂∏‡∑è ‡∂ö‡∂ª‡∑è ‡∂ã‡∂ú‡∑ô ‡∂ö‡∂Ω‡∑í‡∂Ç ‡∂ö‡∂≠‡∑è‡∑Ä. ‡∂å ‡∂¥‡∑ú‡∂Ω‡∑ä ‡∂ö‡∑í‡∂∏‡∑ä‡∂∂ ‡∂ã‡∂¥‡∂∏‡∑è ‡∂ö‡∂Ω‡∑è ‡∂∂‡∑ê‡∂Ø‡∑ä‡∂Ø‡∂ú‡∑ö ‡∂ú‡∑ô ‡∂∏‡∑ñ‡∂´‡∂ß. üôÑ,False,"[17, 170]","{'hashtags': [], 'symbols': [], 'user_mentions': [{'screen_name': 'Chandu_original', 'name': 'üÖíüÖóüÖêüÖùüÖìüÖ§·µÖüí´', 'id': 1181169304877879297, 'id_str': '1181169304877879297', 'indices': [0, 16]}, {'screen_name': 'duliponline', 'name': '‡∂Ü‡∂ª‡∑ä. ‡∂∂‡∑ê‡∂Ø‡∑ä‡∂Ø‡∂ú‡∑ö', 'id': 799677397, 'id_str': '799677397', 'indices': [39, 51]}], 'urls': []}","<a href=""http://twitter.com/download/iphone"" rel=""nofollow"">Twitter for iPhone</a>",1.219212110611112e+18,1219212110611111938,1.1811693048778793e+18,1181169304877879297,Chandu_original,137581222,137581222,,,,,False,0,2,3,0,1219212110611111938,1219212110611111938,False,False,si,,,,,,,,,
1303906901072195584,Thu Sep 10 04:03:25 +0000 2020,1303906901072195584,1303906901072195584,@piumi_silva ‡∂∏‡∑ô‡∂†‡∑ä‡∂†‡∂ª ‡∂Ø‡∑ö‡∑Ç‡∑í‡∂∫‡∑Ä ‡∂ö‡∑Ä‡∑î‡∂¥‡∑í ‡∂∏‡∑î‡∂±‡∑ä ‡∂á‡∂ß ‡∂¥‡∂ª‡∑í‡∂¥‡∑ä‡∂¥‡∑î ‡∂Ω‡∂Ç‡∂ö‡∑è‡∑Ä‡∑ö ‡∂≠‡∑í‡∂∫‡∑ô‡∂±‡∑Ä‡∑è ‡∂â‡∂Ç‡∂Ø‡∑í‡∂∫‡∑è‡∑Ä‡∑ö ‡∂ö‡∑í‡∂∏‡∑ä‡∂∂ ‡∂Ö‡∑É‡∑ä‡∑É‡∑ö ‡∂∏‡∑ë ‡∂á‡∂ß‡∑ö ‡∂ú‡∑ê‡∂±‡∂∏‡∂∫‡∑í ‡∂ö‡∂≠‡∑è‡∑Ä,False,"[13, 103]","{'hashtags': [], 'symbols': [], 'user_mentions': [{'screen_name': 'piumi_silva', 'name': 'Papiii_Lküá±üá∞', 'id': 836512553622593536, 'id_str': '836512553622593536', 'indices': [0, 12]}], 'urls': []}","<a href=""http://twitter.com/download/android"" rel=""nofollow"">Twitter for Android</a>",1.30390100007646e+18,1303901000076460032,8.365125536225935e+17,836512553622593536,piumi_silva,1303197570374696966,1303197570374696966,,,,,False,0,0,1,0,1303901000076460032,1303901000076460032,False,False,si,,,,,,,,,
854558872849326082,Wed Apr 19 04:54:46 +0000 2017,854558872849326082,854558872849326082,‡∂ö‡∑í‡∂∏‡∑ä‡∂∂(‡∂ª‡∑ä) ‡∂Ω‡∑ì #LankanWrestlerNames üòè,False,"[0, 35]","{'hashtags': [{'text': 'LankanWrestlerNames', 'indices': [13, 33]}], 'symbols': [], 'user_mentions': [], 'urls': []}","<a href=""http://twitter.com"" rel=""nofollow"">Twitter Web Client</a>",,,,,,173193457,173193457,,,,,False,0,3,0,0,854558872849326082,854558872849326082,False,False,si,,,,,,,,,
1253847493030211584,Sat Apr 25 00:45:12 +0000 2020,1253847493030211584,1253847493030211584,@AnuRadh06599923 ‡∂≠‡∂±‡∑ä ‡∂Ø‡∑ô‡∂ö ‡∂ö‡∑í‡∂∏‡∑ä‡∂∂ ‡∑É‡∑î‡∂Ø‡∑î‡∑Ä‡∂ß ‡∂á‡∂≠‡∑í‡∂±‡∑ö ‡∂∏‡∑ê‡∂±‡∑í‡∂ö,False,"[17, 49]","{'hashtags': [], 'symbols': [], 'user_mentions': [{'screen_name': 'AnuRadh06599923', 'name': 'AnuRadhaüá±üá∞', 'id': 1209170954213089281, 'id_str': '1209170954213089281', 'indices': [0, 16]}], 'urls': []}","<a href=""http://twitter.com/download/android"" rel=""nofollow"">Twitter for Android</a>",1.2536891902875812e+18,1253689190287581184,1.2091709542130893e+18,1209170954213089281,AnuRadh06599923,1181545300508307461,1181545300508307461,,,,,False,0,0,0,0,1253689190287581184,1253689190287581184,False,False,si,,,,,,,,,
387941182036144128,Wed Oct 09 14:02:40 +0000 2013,387941182036144128,387941182036144128,This two radio presenters keep saying some shampoo has ‡∂ö‡∑í‡∂∏‡∑ä‡∂∂ ‡∑É‡∑ù‡∂Ω‡∑ä in it so it removes more Dandruff! Should I be worried? #lol,False,"[0, 126]","{'hashtags': [{'text': 'lol', 'indices': [122, 126]}], 'symbols': [], 'user_mentions': [], 'urls': []}","<a href=""http://twitter.com"" rel=""nofollow"">Twitter Web Client</a>",,,,,,169598823,169598823,,,,,False,0,0,1,0,387941182036144128,387941182036144128,False,False,en,,,,,,,,,
1307506120953532416,Sun Sep 20 02:25:26 +0000 2020,1307506120953532416,1307506120953532416,@YessNaughty ‡∂î‡∂∫‡∑è‡∂ú‡∑ö ‡∂ö‡∑í‡∂∏‡∑ä‡∂∂ ‡∂á‡∂≠‡∑î‡∂Ω‡∂ß‡∂∏ ‡∂Ø‡∑è‡∂±‡∑ä‡∂±‡∂∏‡∑ä üòò,False,"[13, 41]","{'hashtags': [], 'symbols': [], 'user_mentions': [], 'urls': []}","<a href=""http://twitter.com/download/android"" rel=""nofollow"">Twitter for Android</a>",,,,,,1069460508703625216,1069460508703625216,,,,,False,0,0,0,0,1307504522399367168,1307504522399367168,False,False,si,,,,,,,,,
1246780298370715649,Sun Apr 05 12:42:41 +0000 2020,1246780298370715649,1246780298370715649,"@tharindubawant @Wind_Desika ‡∂Ö‡∑Ñ‡∑ù ‡∂∏‡∑è‡∂ú‡∑ö ‡∂¥‡∂ª‡∂∏ ‡∂¥‡∑í‡∑Ä‡∑í‡∂≠‡∑î‡∂ª‡∑î ‡∂¥‡∑ä‚Äç‡∂ª‡∑ö‡∂∏‡∂∫ .....
‡∂ë‡∂∏‡∑ä‡∂∂‡∑è ‡∂ö‡∑î‡∂¥‡∑è‡∂©‡∑í ‡∂∫‡∂ö‡∑ä‡∑É ‡∂∫.....
‡∂Ö‡∂¥ ‡∂Ø‡∑ô‡∂Ø‡∑ô‡∂±‡∑è ‡∂Ö‡∂≠‡∂ª‡∂ß ‡∂ö‡∑í‡∂∏‡∑ä‡∂∂ ‡∂Ø 
‡∂¥‡∑ê‡∂∏‡∑í‡∂´‡∑í‡∂∫‡∑öüòíüòíüòíüòí",False,"[29, 126]","{'hashtags': [], 'symbols': [], 'user_mentions': [{'screen_name': 'Wind_Desika', 'name': 'WinD', 'id': 2533578847, 'id_str': '2533578847', 'indices': [16, 28]}], 'urls': []}","<a href=""http://twitter.com/download/android"" rel=""nofollow"">Twitter for Android</a>",1.2467794668917187e+18,1246779466891718656,7.241703978942259e+17,724170397894225920,garaathedevil,1194238790686130176,1194238790686130176,,,,,False,0,2,1,0,1246705043715342336,1246705043715342336,False,False,si,,,,,,,,,
1238673586057097216,Sat Mar 14 03:49:31 +0000 2020,1238673586057097216,1238673586057097216,@Rusiiiru_ ‡∂ö‡∑ú‡∂ß‡∑ö‡∑Ä ‡∂á‡∂≥‡∂±‡∑ä ‡∂∂‡∑Ñ‡∑í‡∂Ø‡∑ä‡∂Ø‡∑í ‡∂ö‡∑í‡∂∏‡∑ä‡∂∂ ‡∂ö‡∑í‡∂∫‡∂±‡∑ù.. ‡∂∏‡∂Ç ‡∂∏‡∑ö ‡∂Ö‡∂ü‡∂Ω‡∂ö‡∑ä ‡∂ã‡∂©‡∑í ‡∂±‡∑ä.. ü§ë,False,"[11, 66]","{'hashtags': [], 'symbols': [], 'user_mentions': [{'screen_name': 'Rusiiiru_', 'name': 'Rusiru Athukorala üá±üá∞', 'id': 742572263497564160, 'id_str': '742572263497564160', 'indices': [0, 10]}], 'urls': []}","<a href=""http://twitter.com/download/android"" rel=""nofollow"">Twitter for Android</a>",1.2386725127722148e+18,1238672512772214784,7.425722634975642e+17,742572263497564160,Rusiiiru_,150624162,150624162,,,"{'id': '173c2bb9d42baaa5', 'url': 'https://api.twitter.com/1.1/geo/id/173c2bb9d42baaa5.json', 'place_type': 'country', 'name': 'Sri Lanka', 'full_name': 'Sri Lanka', 'country_code': 'LK', 'country': 'Sri Lanka', 'contained_within': [], 'bounding_box': {'type': 'Polygon', 'coordinates': [[[79.6505263, 5.9213829], [81.8787816, 5.9213829], [81.8787816, 9.8359375], [79.6505263, 9.8359375]]]}, 'attributes': {}}",,False,0,1,1,0,1238659548187185164,1238659548187185164,False,False,si,,,,,,,,,
433360911852507136,Tue Feb 11 22:04:27 +0000 2014,433360911852507136,433360911852507136,Syndi: ‡∂ö‡∑í‡∂∏‡∑ä‡∂∂(‡∂ª‡∑ä) ‡∂∏‡∑ú‡∂± ‡∂ª‡∂ß‡∑ö‡∂Ø? http://t.co/ZyCQ8v3nZ1 #sinhalabloggers,False,"[0, 66]","{'hashtags': [{'text': 'sinhalabloggers', 'indices': [50, 66]}], 'symbols': [], 'user_mentions': [], 'urls': [{'url': 'http://t.co/ZyCQ8v3nZ1', 'expanded_url': 'http://bit.ly/1m4fGzT', 'display_url': 'bit.ly/1m4fGzT', 'indices': [27, 49]}]}","<a href=""http://blogs.sinhalabloggers.com"" rel=""nofollow"">Sinhala Blog Reader</a>",,,,,,68161733,68161733,,,,,False,0,0,0,0,433360911852507136,433360911852507136,False,False,si,,,False,True,,,,,
1371320122674012160,Mon Mar 15 04:39:29 +0000 2021,1371320122674012160,1371320122674012160,@Shafraz_Cader ‡∂í‡∂ö ‡∂≠‡∂∏‡∂∫‡∑í ‡∂Ö‡∂∫‡∑í‡∂∫ ‡∂∏‡∑è‡∂≠‡∑ä ‡∂∏‡∑ö ‡∂ö‡∂Ω‡∑ä‡∂¥‡∂±‡∑è ‡∂ö‡∂ª‡∂±‡∑ä‡∂±‡∑ô ‡∂ö‡∑ö ‡∂¢‡∑ì ‡∂ú‡∑Ñ‡∂± ‡∂ë‡∂ö ‡∑Ä‡∑ô‡∂±‡∂∏ ‡∂Ø‡∑ô‡∂∫‡∂ö‡∑ä ‡∂í‡∑Ä ‡∂ú‡∑ê‡∑Ñ‡∑î‡∑Ä‡∂∏ ‡∑Ü‡∑ì‡∂Ω‡∑ä ‡∑Ä‡∑ô‡∂± ‡∂ë‡∂ö‡∂≠‡∑ä ‡∑Ä‡∑ô‡∂±‡∂∏ ‡∂Ø‡∑ô‡∂∫‡∂ö‡∑ä ‡∂í‡∂≠‡∑ä sm ‡∑Ä‡∂Ω‡∑í‡∂±‡∑ä ‡∂ö‡∑ú‡∑Ñ‡∑ú‡∂∏‡∂Ø? ‡∂ö‡∑ì ‡∂∂‡∑ù‡∂©‡∑ä ‡∂ë‡∂ö‡∑ô‡∂±‡∑ä‡∂Ø üòÇüíî,False,"[15, 147]","{'hashtags': [], 'symbols': [], 'user_mentions': [{'screen_name': 'Shafraz_Cader', 'name': 'Shafraz Cader', 'id': 1467472404, 'id_str': '1467472404', 'indices': [0, 14]}], 'urls': []}","<a href=""http://twitter.com/download/iphone"" rel=""nofollow"">Twitter for iPhone</a>",1.3713198178027684e+18,1371319817802768384,1467472404.0,1467472404,Shafraz_Cader,949549091905826816,949549091905826816,,,,,False,0,1,2,0,1371318928924901376,1371318928924901376,False,False,si,,,,,,,,,
832611112159891456,Fri Feb 17 15:22:12 +0000 2017,832611112159891456,832611112159891456,@Rathgamaya ‡∂ö‡∑í‡∂∏‡∑ä‡∂∂ ‡∂≠‡∑í‡∂∫‡∂Ç ‡∂¥‡∑î‡∂¥ ‡∂Ø‡∑ô‡∂±‡∑ä‡∂±‡∑ö ‡∂∏‡∂ö‡∑ä‡∂ö‡∂Ø,False,"[12, 39]","{'hashtags': [], 'symbols': [], 'user_mentions': [{'screen_name': 'rathgamaya', 'name': 'Raththa üå∏', 'id': 246224922, 'id_str': '246224922', 'indices': [0, 11]}], 'urls': []}","<a href=""http://twitter.com/download/android"" rel=""nofollow"">Twitter for Android</a>",8.326040515649331e+17,832604051564933120,246224922.0,246224922,rathgamaya,158028921,158028921,,,,,False,1,1,0,0,832604051564933120,832604051564933120,False,False,si,,,,,,,,,
1341413795781091328,Tue Dec 22 16:02:25 +0000 2020,1341413795781091328,1341413795781091328,"‡∂ö‡∑í‡∂∏‡∑ä‡∂∂ ‡∂Ω‡∑ì ‡∂ß ‡∂±‡∑ô‡∑Ä‡∑ö ‡∂∫‡∂ö‡∑ù ‡∂∏‡∑ô‡∑Ñ‡∑ô‡∂ß ‡∂ë‡∑Ä
 #100FREEiPhone12",False,"[0, 46]","{'hashtags': [{'text': '100FREEiPhone12', 'indices': [30, 46]}], 'symbols': [], 'user_mentions': [], 'urls': []}","<a href=""https://about.twitter.com/products/tweetdeck"" rel=""nofollow"">TweetDeck</a>",,,,,,2369956382,2369956382,,,,,False,0,0,0,0,1341413795781091328,1341413795781091328,False,False,si,,,,,,,,,
625155847258112000,Sun Jul 26 04:09:03 +0000 2015,625155847258112000,625155847258112000,"‡∂ß‡∑í‡∂∏‡∑ä‡∂∂ ‡∂ö‡∑ù‡∂¥‡∂ª‡∑ö‡∑Ç‡∂±‡∑ä 

‡∂±‡∑í‡∂ö‡∂Ç ‡∑Ñ‡∂ª‡∑í ‡∑É‡∂ª‡∑ä‡∂ß "" ‡∂ß‡∑í "" ‡∂±‡∑ê‡∂≠‡∑î‡∑Ä ‡∑Ä‡∑ô‡∂± ‡∂∏‡∑ú‡∂ö‡∂ö‡∑ä ‡∑Ñ‡∂ª‡∑í ‡∑Ä‡∑ê‡∂ª‡∂Ø‡∑í‡∂Ω‡∑è ‡∂ö‡∑í‡∂∫‡∑Ä‡∑î‡∂±‡∑è ‡∂±‡∂∏‡∑ä ‡∑Ñ‡∑ê‡∂ß‡∑Ñ‡∑î‡∂ß‡∑è‡∂∏‡∑è‡∂ª‡∂∫‡∑í üòÇüòÇüòÇ",False,"[0, 94]","{'hashtags': [], 'symbols': [], 'user_mentions': [], 'urls': []}","<a href=""http://twitter.com/download/android"" rel=""nofollow"">Twitter for Android</a>",,,,,,2613916794,2613916794,,,,,False,0,6,3,0,625155847258112000,625155847258112000,False,False,si,,,,,,,,,
1219208081764245504,Mon Jan 20 10:40:33 +0000 2020,1219208081764245504,1219208081764245504,@duliponline @Chandu_original @Anushka60212320 @KasunKoswattha ‡∂î‡∂∫‡∑è ‡∂±‡∑í‡∂ö‡∂±‡∑ä ‡∂∏‡∑í‡∂ª‡∑í‡∑É‡∑ä ‡∂ö‡∑î‡∂©‡∑î ‡∂¥‡∑ä‚Äç‡∂ª‡∑É‡∂±‡∑ä‡∂± ‡∂ª‡∂±‡∑Ä‡∑ì‡∂ª ‡∑Ä‡∂ú‡∑ö. ‡∂¥‡∑ú‡∂Ω‡∑ä ‡∂ö‡∑í‡∂∏‡∑ä‡∂∂ ‡∂∏‡∂Ç ‡∂ö‡∑í‡∂∫‡∂±‡∑ä‡∂± ‡∂ï‡∂±‡∑ô‡∂Ø? ‡∂ö‡∂´‡∑ä‡∂±‡∑è‡∂©‡∑í‡∂∫‡∂ö‡∑í‡∂±‡∑ä ‡∂ú‡∑í‡∑Ñ‡∑í‡∂±‡∑ä ‡∂≠‡∑ú‡∂ú‡∑ô ‡∂ö‡∂ß ‡∂∂‡∂Ω‡∂¥‡∂Ç‡∂ö‡∑ú. ‡∂¥‡∑ú‡∂Ω‡∑ä ‡∂ö‡∑í‡∂∂‡∑í ‡∑Ñ‡∑ú‡∂Ø‡∂∫‡∑í. ‡∂±‡∑ô‡∂Ø‡∂ö‡∑í‡∂±‡∑ä desi ‡∑Ñ‡∑î‡∂≠‡∑ä‡∂≠‡∂ö‡∑ä ‡∑Ä‡∂ú‡∑ö,False,"[63, 209]","{'hashtags': [], 'symbols': [], 'user_mentions': [{'screen_name': 'duliponline', 'name': '‡∂Ü‡∂ª‡∑ä. ‡∂∂‡∑ê‡∂Ø‡∑ä‡∂Ø‡∂ú‡∑ö', 'id': 799677397, 'id_str': '799677397', 'indices': [0, 12]}, {'screen_name': 'Chandu_original', 'name': 'üÖíüÖóüÖêüÖùüÖìüÖ§·µÖüí´', 'id': 1181169304877879297, 'id_str': '1181169304877879297', 'indices': [13, 29]}, {'screen_name': 'KasunKoswattha', 'name': 'Kasun K', 'id': 327293824, 'id_str': '327293824', 'indices': [47, 62]}], 'urls': []}","<a href=""http://twitter.com/download/iphone"" rel=""nofollow"">Twitter for iPhone</a>",1.219207318862254e+18,1219207318862254083,799677397.0,799677397,duliponline,1353365228,1353365228,,,,,False,0,1,3,2,1218774284291727361,1218774284291727361,False,False,si,,,,,,,,,
1113617809983115264,Thu Apr 04 01:42:30 +0000 2019,1113617809983115264,1113617809983115264,@athalkolla123 ‡∂ö‡∑í‡∂∏‡∑ä‡∂∂ ‡∂Ω‡∑ú‡∂ö‡∑î ‡∂ö‡∂ª‡∂Ω‡∑è ‡∂Ø‡∑ô‡∂±‡∑ä‡∂±‡∂∏‡∑ä ‡∂∏‡∂ß ‡∂Ø‡∑î‡∂±‡∑ä‡∂±‡∑ú‡∂≠‡∑ä.‡∂∏‡∑ú‡∂ö‡∂Ø ‡∂ö‡∑í‡∂∫‡∂±‡∑ä‡∂±‡∑ô ‡∂∫‡∑è‡∂Ω‡∑î,False,"[15, 68]","{'hashtags': [], 'symbols': [], 'user_mentions': [{'screen_name': 'athalkolla123', 'name': 'üëÑ‡∂Ø‡∂ü ‡∂¥‡∑ê‡∂ß‡∑í‡∂∫‡∑èüëÑ', 'id': 966710339822735361, 'id_str': '966710339822735361', 'indices': [0, 14]}], 'urls': []}","<a href=""http://twitter.com/download/android"" rel=""nofollow"">Twitter for Android</a>",1.1134991349614182e+18,1113499134961418240,9.667103398227354e+17,966710339822735361,athalkolla123,1090635635826790400,1090635635826790400,,,,,False,0,2,1,0,1112326932572430338,1112326932572430338,False,False,si,,,,,,,,,
1329133696855592961,Wed Nov 18 18:45:42 +0000 2020,1329133696855592961,1329133696855592961,@Darshana_Kande_ 1.‡∂¥‡∑î‡∂ö  2.‡∂¥‡∂ö‡∂∫‡∑è  3.‡∂ö‡∑í‡∂∏‡∑ä‡∂∂  .4.‡∂∂‡∂©‡∑î‡∑Ä  5.‡∑Ä‡∂Ω‡∂≠‡∑ä‡∂≠‡∂∫‡∑è  6.‡∑Ñ‡∑î‡∂≠‡∑ä‡∂≠üòÇüòÇüòÇ‡∑Ñ‡∂ª‡∑í‡∂Ø ‡∂∏‡∂±‡∑ä‡∂Ø,False,"[17, 80]","{'hashtags': [], 'symbols': [], 'user_mentions': [], 'urls': []}","<a href=""http://twitter.com/download/android"" rel=""nofollow"">Twitter for Android</a>",1.32913363190263e+18,1329133631902629888,1.2573560143801262e+18,1257356014380126208,ItsMeKande,1242393816243429377,1242393816243429377,,,,,False,0,1,1,0,1329130519733305344,1329130519733305344,False,False,si,,,,,,,,,
1187226469711450112,Thu Oct 24 04:37:02 +0000 2019,1187226469711450112,1187226469711450112,"@mara1985r @Wind_Desika @__Banz @tikirimaarie ‡∂ª‡∂Ç‡∂¢‡∑í‡∂≠‡∑ä ‡∂î‡∂∫‡∑è ‡∑Ä‡∑ô‡∂± ‡∂ï‡∂±‡∂∏ ‡∂ö‡∑ô‡∂±‡∑ô‡∂ö‡∑ä ‡∂¥‡∑ä‚Äç‡∂ª‡∑ú‡∂∏‡∑ù‡∂ß‡∑ä ‡∂ö‡∂ª‡∂±‡∑ä‡∂±, ‡∂∏‡∂∏ ‡∂ã‡∂¥‡∂ª‡∑í‡∂∏ ‡∑É‡∂¥‡∑ù‡∂ß‡∑ä ‡∂ë‡∂ö ‡∂Ø‡∑ô‡∂±‡∑Ä. ‡∂í‡∂≠‡∑ä ‡∂î‡∂∫ ‡∂Ö‡∂Ω‡∑í ‡∂ö‡∑í‡∂∏‡∑ä‡∂∂ ‡∂¥‡∑ä‚Äç‡∂ª‡∑ú‡∂∏‡∑ù‡∂ß‡∑ä ‡∂ö‡∂ª‡∂Ø‡∑ä‡∂Ø‡∑í ‡∂î‡∂∫‡∑è‡∑Ä‡∂≠‡∑ä ‡∂í ‡∂Ω‡∑ô‡∑Ä‡∂Ω‡∑ä ‡∂ë‡∂ö‡∂ß‡∂∏ ‡∂á‡∂Ø‡∂Ω ‡∂Ö‡∂≠‡∑è‡∂ª‡∑í‡∂±‡∑Ä ‡∂á‡∂ª‡∑ô‡∂±‡∑ä‡∂± ‡∑Ä‡∑ô‡∂± ‡∂ö‡∂ª‡∂±‡∑ä‡∂± ‡∂Ø‡∑ô‡∂∫‡∂ö‡∑ä‡∂±‡∑ë. ‡∑É‡∑ù ‡∑É‡∑ú‡∂ª‡∑í. 
‡∂≠‡∑Ä ‡∂Ø‡∑ô‡∂∫‡∂ö‡∑ä, ‡∂∏‡∂∏ ‡∂≠‡∑è‡∂∏ ‡∂∏‡∑ú‡∂Ω‡∑ö ‡∑Å‡∂ß‡∑ä ‡∂©‡∑Ä‡∑î‡∂±‡∑ä ‡∂ö‡∂ª‡∂ú‡∑ô‡∂± ‡∂ª‡∑í‡∂¥‡∑ä‡∂Ω‡∂∫‡∑í ‡∂ö‡∂Ω‡∑ö ‡∂±‡∑ë. ‡∑Ä‡∑ê‡∂ª‡∂Ø‡∑í‡∂Ω‡∑è‡∑Ñ‡∂ª‡∑í ‡∂ö‡∂ª‡∂±‡∑ä‡∂± ‡∂¥‡∂ß‡∂Ç‡∂ú‡∂≠‡∑ä‡∂≠‡∑ú‡∂≠‡∑ä ‡∂î‡∂∫‡∑è ‡∂ö‡∑ê‡∂∏‡∂≠‡∑í ‡∑Ä‡∑ô‡∂±‡∂ë‡∂ö‡∂ö‡∑î‡∂≠‡∑ä ‡∂±‡∑ë",False,"[46, 319]","{'hashtags': [], 'symbols': [], 'user_mentions': [{'screen_name': 'mara1985r', 'name': 'David Woolf', 'id': 905408070012076032, 'id_str': '905408070012076032', 'indices': [0, 10]}, {'screen_name': 'Wind_Desika', 'name': 'WinD', 'id': 2533578847, 'id_str': '2533578847', 'indices': [11, 23]}, {'screen_name': '__Banz', 'name': '‡∂∂‡∂±‡∑ä‡∑É‡∑ä | BŒõNZ', 'id': 3268719913, 'id_str': '3268719913', 'indices': [24, 31]}, {'screen_name': 'tikirimaarie', 'name': '‡∂©‡∂∏‡∑ä‡∂∂‡∂Ω‡∑ä‡∂©‡∑ù‡∂ª‡∑ä üéÖ‚ú®üîÆ', 'id': 1319729186, 'id_str': '1319729186', 'indices': [32, 45]}], 'urls': []}","<a href=""http://twitter.com/download/android"" rel=""nofollow"">Twitter for Android</a>",1.187225318848811e+18,1187225318848811008,9.05408070012076e+17,905408070012076032,mara1985r,799677397,799677397,,,"{'id': '173c2bb9d42baaa5', 'url': 'https://api.twitter.com/1.1/geo/id/173c2bb9d42baaa5.json', 'place_type': 'country', 'name': 'Sri Lanka', 'full_name': 'Sri Lanka', 'country_code': 'LK', 'country': 'Sri Lanka', 'contained_within': [], 'bounding_box': {'type': 'Polygon', 'coordinates': [[[79.6505263, 5.9213829], [81.8787816, 5.9213829], [81.8787816, 9.8359375], [79.6505263, 9.8359375]]]}, 'attributes': {}}",,False,0,1,1,0,1187222352880230400,1187222352880230400,False,False,si,,,,,,,,,
1219212110611111938,Mon Jan 20 10:56:33 +0000 2020,1219212110611111938,1219212110611111938,‡∂∏‡∑ö‡∂ö‡∑ô ‡∂≠‡∑ö‡∂ª‡∑î‡∂∏ ‡∂ö‡∑í‡∂∫‡∑Ñ‡∂Ω‡∑ä‡∂Ω‡∑è ‡∂ö‡∑è‡∂ª‡∑î ‡∑Ñ‡∂ª‡∑í ‡∂∏‡∂ßüòê,False,"[0, 32]","{'hashtags': [], 'symbols': [], 'user_mentions': [], 'urls': []}","<a href=""http://twitter.com/download/android"" rel=""nofollow"">Twitter for Android</a>",,,,,,1181169304877879297,1181169304877879297,,,,,True,0,21,9,0,1219212110611111938,1219212110611111938,False,False,si,,,,,,,1.2192080817642455e+18,1219208081764245504,"{'url': 'https://t.co/fUAg4O4ouT', 'expanded': 'https://twitter.com/VinshadaYasasmi/status/1219208081764245504', 'display': 'twitter.com/VinshadaYasasm‚Ä¶'}"
1360833665857560577,Sun Feb 14 06:10:03 +0000 2021,1360833665857560577,1360833665857560577,@baba_sau ‡∂ö‡∑í‡∂∏‡∑ä‡∂∂ ‡∂Ö‡∂Ø ‡∂â‡∂ª‡∑è ‡∂ú‡∂±‡∑í‡∂±‡∑ä ‡∂Ö‡∂¥‡∑í‡∂ß‡∂≠‡∑ä ‡∂∂‡∂Ω‡∂±‡∑ä‡∂± ‡∑Ñ‡∑ú‡∂Ø‡∑ö..,False,"[10, 48]","{'hashtags': [], 'symbols': [], 'user_mentions': [{'screen_name': 'baba_sau', 'name': '‡∑É‡∑î‡∂∂‡∑è Baba', 'id': 1331292327558610950, 'id_str': '1331292327558610950', 'indices': [0, 9]}], 'urls': []}","<a href=""http://twitter.com/download/android"" rel=""nofollow"">Twitter for Android</a>",1.3608329217502822e+18,1360832921750282241,1.331292327558611e+18,1331292327558610950,baba_sau,1349340009069899776,1349340009069899776,,,,,False,0,1,2,0,1360832921750282241,1360832921750282241,False,False,si,,,,,,,,,
1137061010643329024,Fri Jun 07 18:17:25 +0000 2019,1137061010643329024,1137061010643329024,@GangaDissanaya2 @MangalaLK ‡∂Ö‡∂±‡∑ö ‡∑Ä‡∑ö‡∑É‡∑í‡∂∫‡∑ö........ ‡∂≠‡∑ú‡∂ú‡∑ô ‡∂ö‡∑í‡∂∏‡∑ä‡∂∂ ‡∂¥‡∑Ö‡∂Ω‡∑è ‡∂Ω‡∑î‡∂´‡∑î ‡∂∏‡∑í‡∂ª‡∑í‡∑É‡∑ä ‡∂Ø‡∑è‡∂Ω‡∑è ‡∑Ä‡∑Ñ‡∂±‡∑ä‡∂±‡∑ö,False,"[28, 86]","{'hashtags': [], 'symbols': [], 'user_mentions': [{'screen_name': 'GangaDissanaya2', 'name': 'GIGI@#', 'id': 1093314845502451712, 'id_str': '1093314845502451712', 'indices': [0, 16]}, {'screen_name': 'MangalaLK', 'name': 'Mangala Samaraweera', 'id': 3032260688, 'id_str': '3032260688', 'indices': [17, 27]}], 'urls': []}","<a href=""http://twitter.com/download/android"" rel=""nofollow"">Twitter for Android</a>",1.1369145696101622e+18,1136914569610162177,1.0933148455024517e+18,1093314845502451712,GangaDissanaya2,1136486038602469376,1136486038602469376,,,,,False,0,0,0,0,1136868555725594630,1136868555725594630,False,False,si,,,,,,,,,
1079652999843196928,Mon Dec 31 08:18:28 +0000 2018,1079652999843196928,1079652999843196928,"Possible bloopers 

* ‡∂ö‡∑í‡∂∏‡∑ä‡∂∂ ‡∂ë‡∂Ω‡∑í‡∂∫‡∂ß ‡∂Ø‡∑è‡∂±‡∑ä‡∂± (‡∂ö‡∑ñ‡∂©‡∑î‡∑Ä‡∑ô‡∂±‡∑ä)
* ‡∂ö‡∑í‡∂∏‡∑ä‡∂∂ ‡∂á‡∂≠‡∑î‡∂Ω‡∂ß ‡∂Ø‡∑è‡∂±‡∑ä‡∂± (‡∂ö‡∑ñ‡∂©‡∑î‡∑Ä‡∂ß)
* ‡∂ö‡∑í‡∂∏‡∑ä‡∂∂ ‡∂Ø‡∑ê‡∂±‡∑ä ‡∂Ω‡∑ú‡∂ö‡∑î‡∂Ø ?
* ‡∂ö‡∑í‡∂∏‡∑ä‡∂∂‡∂ú‡∑ô ‡∂∏‡∂∫‡∑í‡∂Ω‡∑ä ‡∑Ä‡∑ê‡∑Ä‡∑í‡∂Ω‡∑è ‡∂±‡∑ö‡∂Ø ‡∂Ø‡∑ê‡∂±‡∑ä?
* ‡∂ö‡∑í‡∂∏‡∑ä‡∂∂ ‡∂Ø‡∑ê‡∂ö‡∂Ω‡∑è ‡∂∂‡∂∫ ‡∑Ä‡∑î‡∂±‡∑è (‡∑Ñ‡∑ú‡∂ª‡∑î)
* ‡∂ö‡∑í‡∂∏‡∑ä‡∂∂‡∂ß ‡∂Ö‡∑É‡∂±‡∑ì‡∂¥‡∂∫‡∑í.
* ‡∂ö‡∑í‡∂∏‡∑ä‡∂∂ ‡∂±‡∑ë‡∑Ä‡∑î‡∑Ä‡∂Ø ?
* ‡∂ö‡∑í‡∂∏‡∑ä‡∂∂ ‡∂≠‡∑ô‡∂≠‡∂∫‡∑í
* ‡∂ö‡∑í‡∂∏‡∑ä‡∂∂ ‡∂Ö‡∂≠‡∂ú‡∑è‡∂±‡∑Ä‡∂ß ‡∂ö‡∑ê‡∂∏‡∂≠‡∑ì.
* ‡∂ö‡∑í‡∂∏‡∑ä‡∂∂ ‡∑Ñ‡∑î‡∂ª‡∂≠‡∂Ω‡∑ä... https://t.co/bKuCSbp20J",False,"[0, 276]","{'hashtags': [], 'symbols': [], 'user_mentions': [], 'urls': [{'url': 'https://t.co/bKuCSbp20J', 'expanded_url': 'https://www.facebook.com/100001708898993/posts/2077502542316689/', 'display_url': 'facebook.com/10000170889899‚Ä¶', 'indices': [253, 276]}]}","<a href=""http://www.facebook.com/twitter"" rel=""nofollow"">Facebook</a>",,,,,,151640285,151640285,,,,,False,0,0,0,0,1079652999843196928,1079652999843196928,False,False,si,,,False,True,,,,,
1234499513240473601,Mon Mar 02 15:23:14 +0000 2020,1234499513240473601,1234499513240473601,@RuwanChamika2 @Welikumbura ‡∂¥%&amp; ‡∂Ω‡∑ú‡∂¢‡∑í‡∂ö‡∑ä üñïüèΩüñïüèΩüñïüèΩ,False,"[28, 49]","{'hashtags': [], 'symbols': [], 'user_mentions': [{'screen_name': 'RuwanChamika2', 'name': 'üá±üá∞ Ruwan Chamika üá±üá∞', 'id': 1090805258840752131, 'id_str': '1090805258840752131', 'indices': [0, 14]}, {'screen_name': 'Welikumbura', 'name': 'Prasad Welikumbura', 'id': 914720730, 'id_str': '914720730', 'indices': [15, 27]}], 'urls': []}","<a href=""http://twitter.com/download/android"" rel=""nofollow"">Twitter for Android</a>",1.2344759941672878e+18,1234475994167287808,1.0908052588407521e+18,1090805258840752131,RuwanChamika2,912384168,912384168,,,,,False,0,6,1,0,1234466134142877696,1234466134142877696,False,False,si,,,,,,,,,
965227700850839552,Sun Feb 18 14:13:11 +0000 2018,965227700850839552,965227700850839552,@WindDesika @rathgamaya @stranshad @indika27 @thambaru @ExcuzeMi ‡∂î‡∂∂‡∑ö ‡∂Ö‡∂Ø‡∑Ñ‡∑É‡∑ä ‡∂ö‡∑í‡∂∏? (‡∂ö‡∑í‡∂∏‡∑ä‡∂∂ ‡∂±‡∑ú‡∑Ä‡∑ö) üòÇüòÇ,False,"[35, 95]","{'hashtags': [], 'symbols': [], 'user_mentions': [{'screen_name': 'rathgamaya', 'name': 'Raththa üå∏', 'id': 246224922, 'id_str': '246224922', 'indices': [12, 23]}, {'screen_name': 'stranshad', 'name': 'Sanik Thuransha', 'id': 401184754, 'id_str': '401184754', 'indices': [24, 34]}, {'screen_name': 'indika27', 'name': 'Amila Chathuranga', 'id': 150624162, 'id_str': '150624162', 'indices': [35, 44]}, {'screen_name': 'thambaru', 'name': 'Calculus Wijesekara', 'id': 212847371, 'id_str': '212847371', 'indices': [45, 54]}, {'screen_name': 'ExcuzeMi', 'name': 'Oli', 'id': 582633677, 'id_str': '582633677', 'indices': [55, 64]}], 'urls': []}","<a href=""http://twitter.com/download/iphone"" rel=""nofollow"">Twitter for iPhone</a>",9.652264677925356e+17,965226467792535552,2393877565.0,2393877565,Lasaa_V,2393877565,2393877565,,,,,False,0,2,1,0,965226467792535552,965226467792535552,False,False,si,,,,,"{'id': 965226467792535552, 'id_str': '965226467792535552'}",,,,
842990580179320832,Sat Mar 18 06:46:30 +0000 2017,842990580179320832,842990580179320832,@Chagee_live @Thish_D ‡∂ö‡∑í‡∂∫‡∑î‡∂ö‡∂∏‡∑ä‡∂∂‡∂ª‡∑ä üòÇüòÇ,False,"[22, 35]","{'hashtags': [], 'symbols': [], 'user_mentions': [{'screen_name': 'Thish_D', 'name': '‡∂¥‡∂ª‡∑è‡∂ª‡∑ä‡∂≠‡∂ö‡∑è‡∂∏‡∑ì ‡∂ö‡∂ª‡∑î‡∂´‡∑è‡∑Ä‡∂±‡∑ä‡∂≠ ‡∂∫‡∑è‡∂Ω‡∑î‡∑Ä‡∑è', 'id': 623929922, 'id_str': '623929922', 'indices': [13, 21]}], 'urls': []}","<a href=""http://twitter.com"" rel=""nofollow"">Twitter Web Client</a>",8.429843061337498e+17,842984306133749760,314032855.0,314032855,SulthanOfTweet,951610039,951610039,,,,,False,0,1,1,0,842958123128229888,842958123128229888,False,False,si,,,,,,,,,
1329133631902629888,Wed Nov 18 18:45:26 +0000 2020,1329133631902629888,1329133631902629888,@0daq0KU7aOYX4ug ‡∑Ñ‡∂Ç‡∑É‡∂∏‡∑è‡∂Ω‡∑í üòÇ,False,"[17, 26]","{'hashtags': [], 'symbols': [], 'user_mentions': [], 'urls': []}","<a href=""http://twitter.com/download/android"" rel=""nofollow"">Twitter for Android</a>",1.329133343351341e+18,1329133343351341058,1.2423938162434294e+18,1242393816243429377,H_S_KandyHamu,1257356014380126208,1257356014380126208,,,,,False,0,0,1,0,1329130519733305344,1329130519733305344,False,False,si,,,,,,,,,
1272345869610741760,Mon Jun 15 01:51:09 +0000 2020,1272345869610741760,1272345869610741760,"‡∂ú‡∑Ñ‡∂±‡∑ä‡∂© ‡∂≠‡∑í‡∂∫‡∑ô‡∂± ‡∂ö‡∑í‡∂∏‡∑ä‡∂∂‡∂ß ‡∑Ä‡∑ê‡∂≥ ‡∑Ä‡∑ê‡∂≥ ‡∂ú‡∑Ñ‡∂±‡∑ä‡∂©‡∂≠‡∑ä ‡∂ë‡∂¥‡∑è,‡∂ú‡∂ú‡∑Ñ ‡∑Ä‡∂≥‡∑í‡∂±‡∑ä‡∂©‡∂≠‡∑ä ‡∂ë‡∂¥‡∑è,‡∂∂‡∂©‡∑î‡∑Ä‡∑ô ‡∂∂‡∑ê‡∂∫‡∑í‡∂±‡∂Ç ‡∂¥‡∑î‡∂ö‡∑ö ‡∑Ñ‡∑í‡∂Ω‡∂≠‡∑ä ‡∂Ö‡∑Ä‡∑î‡∂Ω‡∂ö‡∑ä‡∂∏ ‡∂±‡∑ë
‡∂∏‡∑ú‡∂ö ‡∂∂‡∑ê‡∂ª‡∑í‡∑Ä‡∑î‡∂±‡∂≠‡∑ä ‡∂ö‡∑í‡∂∏‡∑ä‡∂∂‡∂ö‡∑ä ‡∑Ñ‡∑í‡∂±‡∑ä‡∂Ø ‡∂Ø‡∑í‡∑Ä‡∑í ‡∂±‡∑Ñ‡∂ú‡∂±‡∑ä‡∂©‡∂±‡∂Ç ‡∂ë‡∂¥‡∑è.‡∂¥‡∑í‡∂ª‡∑í‡∂∏‡∑í ‡∂ö‡∂∏‡∂ß‡∂≠‡∑ä ‡∂Ω‡∑ê‡∂¢‡∑ä‡∂¢‡∂∫‡∑í. ‡∂≠‡∑ñ ‡∂±‡∑ú‡∂Ø‡∂ö‡∑í‡∂Ç.‡∂ö‡∑í‡∂∏‡∑ä‡∂∂ ‡∂Ø‡∑ö‡∑Ä‡∑è‡∂Ω‡∂∫‡∂ö‡∑ä ‡∂±‡∑ô‡∂∏‡∑ö.‡∂Ø‡∑ö‡∑Ä‡∑è‡∂Ω‡∂∫‡∂ö‡∑ä ‡∑Ä‡∂ú‡∑ö ‡∂¥‡∑ö‡∂±‡∑ä‡∂±‡∑ô ‡∂¥‡∑ú‡∂±‡∑ä‡∂±‡∂∫‡∑í‡∂±‡∑ä‡∂ß‡∂∏ ‡∂≠‡∂∏‡∂∫‡∑í.‡∂ï‡∂±‡∂±‡∂Ç ‡∑Ñ‡∑í‡∂ö‡∑î‡∑Ä ‡∂±‡∑ê‡∂≠‡∑ä‡∂≠‡∂Ç ‡∂±‡∑í‡∂ö‡∑è ‡∑Ñ‡∑í‡∂ß‡∑í‡∂∫‡∑è.. https://t.co/6xIdmzntx6",False,"[0, 257]","{'hashtags': [], 'symbols': [], 'user_mentions': [], 'urls': [], 'media': [{'id': 1272345841546563585, 'id_str': '1272345841546563585', 'indices': [258, 281], 'media_url': 'http://pbs.twimg.com/ext_tw_video_thumb/1272345841546563585/pu/img/zAQ8ALx4HbMu28wU.jpg', 'media_url_https': 'https://pbs.twimg.com/ext_tw_video_thumb/1272345841546563585/pu/img/zAQ8ALx4HbMu28wU.jpg', 'url': 'https://t.co/6xIdmzntx6', 'display_url': 'pic.twitter.com/6xIdmzntx6', 'expanded_url': 'https://twitter.com/MadhushanHeath/status/1272345869610741760/video/1', 'type': 'photo', 'original_info': {'width': 226, 'height': 400}, 'sizes': {'thumb': {'w': 150, 'h': 150, 'resize': 'crop'}, 'medium': {'w': 226, 'h': 400, 'resize': 'fit'}, 'large': {'w': 226, 'h': 400, 'resize': 'fit'}, 'small': {'w': 226, 'h': 400, 'resize': 'fit'}}, 'features': {}}]}","<a href=""http://twitter.com/download/iphone"" rel=""nofollow"">Twitter for iPhone</a>",,,,,,856125788189478913,856125788189478913,,,,,False,0,6,0,0,1272345869610741760,1272345869610741760,False,False,si,,"{'media': [{'id': 1272345841546563585, 'id_str': '1272345841546563585', 'indices': [258, 281], 'media_url': 'http://pbs.twimg.com/ext_tw_video_thumb/1272345841546563585/pu/img/zAQ8ALx4HbMu28wU.jpg', 'media_url_https': 'https://pbs.twimg.com/ext_tw_video_thumb/1272345841546563585/pu/img/zAQ8ALx4HbMu28wU.jpg', 'url': 'https://t.co/6xIdmzntx6', 'display_url': 'pic.twitter.com/6xIdmzntx6', 'expanded_url': 'https://twitter.com/MadhushanHeath/status/1272345869610741760/video/1', 'type': 'video', 'original_info': {'width': 226, 'height': 400}, 'sizes': {'thumb': {'w': 150, 'h': 150, 'resize': 'crop'}, 'medium': {'w': 226, 'h': 400, 'resize': 'fit'}, 'large': {'w': 226, 'h': 400, 'resize': 'fit'}, 'small': {'w': 226, 'h': 400, 'resize': 'fit'}}, 'video_info': {'aspect_ratio': [113, 200], 'duration_millis': 15101, 'variants': [{'content_type': 'application/x-mpegURL', 'url': 'https://video.twimg.com/ext_tw_video/1272345841546563585/pu/pl/MiPjQDX9BXqqos73.m3u8?tag=10'}, {'bitrate': 632000, 'content_type': 'video/mp4', 'url': 'https://video.twimg.com/ext_tw_video/1272345841546563585/pu/vid/226x400/MtmbQkMn4YhwmjfT.mp4?tag=10'}]}, 'features': {}, 'media_key': '7_1272345841546563585', 'ext_alt_text': None, 'ext_media_color': {'palette': [{'rgb': {'red': 161, 'green': 161, 'blue': 171}, 'percentage': 97.84}, {'rgb': {'red': 113, 'green': 95, 'blue': 95}, 'percentage': 2.02}]}, 'ext_media_availability': {'status': 'available'}, 'ext': {'mediaStats': {'r': {'ok': {'viewCount': '186'}}, 'ttl': -1}}, 'additional_media_info': {'monetizable': False}}]}",False,True,,,,,
1367525935101054979,Thu Mar 04 17:22:44 +0000 2021,1367525935101054979,1367525935101054979,@Wind_Desika @yunesh_k ‡∂Ö‡∑Ñ‡∑ù ‡∂ö‡∑í‡∂∏‡∑ä‡∂∂,False,"[23, 32]","{'hashtags': [], 'symbols': [], 'user_mentions': [{'screen_name': 'Wind_Desika', 'name': 'WinD', 'id': 2533578847, 'id_str': '2533578847', 'indices': [0, 12]}, {'screen_name': 'yunesh_k', 'name': '‡∑Ñ‡∑í‡∂ª‡∑î ‡∂Ø‡∑ô‡∑Ä‡∑í‡∂≥‡∑î‡∂ú‡∑ö ‡∂∏‡∂Ç‡∂ú‡∂Ω‡∑ä‡∂Ω‡∑ö ‚ù§Ô∏èüá±üá∞üôè', 'id': 333357644, 'id_str': '333357644', 'indices': [13, 22]}], 'urls': []}","<a href=""http://twitter.com/download/android"" rel=""nofollow"">Twitter for Android</a>",1.3673961397464883e+18,1367396139746488328,2533578847.0,2533578847,Wind_Desika,1349340009069899776,1349340009069899776,,,,,False,0,1,0,0,1367379789967855617,1367379789967855617,False,False,si,,,,,,,,,
