,Unnamed: 0,created_at,id,id_str,full_text,truncated,display_text_range,entities,source,in_reply_to_status_id,in_reply_to_status_id_str,in_reply_to_user_id,in_reply_to_user_id_str,in_reply_to_screen_name,user_id,user_id_str,geo,coordinates,place,contributors,is_quote_status,retweet_count,favorite_count,reply_count,quote_count,conversation_id,conversation_id_str,favorited,retweeted,lang,supplemental_language,extended_entities,possibly_sensitive,possibly_sensitive_editable,self_thread,card,quoted_status_id,quoted_status_id_str,quoted_status_permalink,label
0,1.36739613974649E+018,Thu Mar 04 08:46:59 +0000 2021,1.36739613974649E+018,1.36739613974649E+018,@yunesh_k ‡∂ö‡∑è‡∂±‡∑ä‡∂≠‡∑è‡∑Ä‡∂±‡∑ä‡∂ß ‡∑Ñ‡∑í‡∂ª‡∂∏‡∂± ‡∂Ω‡∂∂‡∑è‡∂Ø‡∑ì‡∂∏‡∑ö ‡∑Ä‡∑ä‚Äç‡∂∫‡∑è‡∂¥‡∑è‡∂ª‡∂∫‡∂ö‡∑ä ‡∂¥‡∂ß‡∂±‡∑ä‡∂ú‡∂∏‡∑î‡∂Ø,False,"[10, 55]","{'hashtags': [], 'symbols': [], 'user_mentions': [{'screen_name': 'yunesh_k', 'name': 'Beauty of the Sri Lanka ‚ù§Ô∏èüá±üá∞üôè', 'id': 333357644, 'id_str': '333357644', 'indices': [0, 9]}], 'urls': []}","<a href=""http://twitter.com/download/android"" rel=""nofollow"">Twitter for Android</a>",1.36737978996786E+018,1.36737978996786E+018,333357644,333357644,yunesh_k,2533578847,2533578847,,,,,False,0,20,8,0,1.36737978996786E+018,1.36737978996786E+018,False,False,si,,,,,,,,,,0
2,1.25396761470497E+018,Sat Apr 25 08:42:31 +0000 2020,1.25396761470497E+018,1.25396761470497E+018,@sudunona1234 ‡∂í ‡∑Ä‡∑ö‡∑É ‡∂ö‡∑í‡∂∏‡∑ä‡∂∂,False,"[14, 25]","{'hashtags': [], 'symbols': [], 'user_mentions': [], 'urls': []}","<a href=""http://twitter.com/download/android"" rel=""nofollow"">Twitter for Android</a>",1.25391756264935E+018,1.25391756264935E+018,1.16287486205182E+018,1.16287486205182E+018,sonayabigass,1.18154530050831E+018,1.18154530050831E+018,,,,,False,0,1,0,0,1.25391756264935E+018,1.25391756264935E+018,False,False,si,,,,,,,,,,1
3,6.50736985724686E+017,Sun Oct 04 18:19:22 +0000 2015,6.50736985724686E+017,6.50736985724686E+017,@ExcuzeMi @CrazyHesH @NightWingzzz ‡∂ï‡∂ö ‡∂î‡∂±‡∑ä‡∂±‡∂∏‡∑ä ‡∂ö‡∑í‡∂∏‡∑ä‡∂∂+‡∂ã‡∂Ω‡∑ä‡∂Ω‡∑î ‡∂ö‡∑í‡∂∫‡∂Ω‡∂≠‡∑ä ‡∂ú‡∂≠‡∑ä‡∂≠‡∑ë‡∂ö‡∑í üòãüòà,False,"[0, 74]","{'hashtags': [], 'symbols': [], 'user_mentions': [{'screen_name': 'ExcuzeMi', 'name': 'Oli', 'id': 582633677, 'id_str': '582633677', 'indices': [0, 9]}, {'screen_name': 'CrazyHesH', 'name': 'Avinath', 'id': 906057763, 'id_str': '906057763', 'indices': [10, 20]}, {'screen_name': 'NightWingzzz', 'name': 'Nightwing¬Æüá±üá∞', 'id': 2369956382, 'id_str': '2369956382', 'indices': [21, 34]}], 'urls': []}","<a href=""http://twitter.com/download/iphone"" rel=""nofollow"">Twitter for iPhone</a>",6.50736052760502E+017,6.50736052760502E+017,582633677,582633677,ExcuzeMi,911573887,911573887,,,,,False,1,1,0,0,6.50726199644152E+017,6.50726199644152E+017,False,False,si,,,,,,,,,,1
5,9.98503997429506E+017,Mon May 21 10:01:18 +0000 2018,9.98503997429506E+017,9.98503997429506E+017,‡∂±‡∑í‡∂Ω‡∑î‡∑Ç‡∑í ‡∂ö‡∑í‡∂∏‡∑ä‡∂∂ ‡∂¥‡∑î‡∂ß‡∑î‡∑Ä‡∑ô‡∂≠‡∑ä ‡∂Ö‡∂≠‡∑î‡∂Ω‡∑ä‡∂Ω‡∂±‡∑Ä‡∑è,False,"[0, 31]","{'hashtags': [], 'symbols': [], 'user_mentions': [], 'urls': []}","<a href=""http://hornyagent.net"" rel=""nofollow"">hukanawa.com</a>",,,,,,9.9678711507261E+017,9.9678711507261E+017,,,,,False,0,0,0,0,9.98503997429506E+017,9.98503997429506E+017,False,False,si,,,,,,,,,,1
8,1.28012452354778E+018,Mon Jul 06 13:00:44 +0000 2020,1.28012452354778E+018,1.28012452354778E+018,"@sonamakapoor ‡∑É‡∑ù‡∂±‡∂∏‡∑ä ‡∂≠‡∑ù ‡∂¥‡∂ß‡∑ä‡∂ß ‡∑Ñ‡∑î‡∂≠‡∑ä‡∂≠‡∑í, ‡∑Ä‡∑ö‡∑É ‡∂∂‡∑ê‡∂Ω‡∑ä‡∂Ω‡∑í..  ‡∂¥‡∑ú‡∂±‡∑ä‡∂± ‡∑Ñ‡∑î‡∂ö‡∂±‡∑ä‡∂±‡∑í..  ‡∂Ω‡∑ê‡∂ú‡∑ê‡∂ß‡∑î ‡∑Ñ‡∑î‡∂≠‡∑î ‡∂¥‡∑í‡∂≠‡∑ä‡∂≠‡∂Ω‡∂∏‡∑î...             ‡∂ß‡∑Ñ‡∑î‡∂ö‡∂±‡∑ä‡∂© ‡∑Ñ‡∑î‡∂≠‡∑ä‡∂≠‡∑í.....       ‡∂Ö‡∑Ñ‡∑î‡∑Ä‡∑î‡∂±‡∑ú‡∂≠‡∑ä ‡∂≠‡∑ú‡∂ú‡∑ô ‡∂ö‡∑í‡∂∏‡∑ä‡∂∂ ‡∂ö‡∂¥‡∂Ω‡∑è ‡∂ö‡∂¥‡∂Ω‡∑è ‡∂Ö‡∂ª‡∂±‡∑ä ‡∂©‡∑ô‡∑Ä‡∂Ω‡∑ä ‡∂Ø‡∑è‡∂Ω‡∑è ‡∂ö‡∂±‡∑Ä‡∑è ‡∂¥‡∂ö‡∑ä‡∂ö‡∑í‡∂∫‡∑ù...üò°üò°üò°",False,"[14, 194]","{'hashtags': [], 'symbols': [], 'user_mentions': [{'screen_name': 'sonamakapoor', 'name': 'Sonam K Ahuja', 'id': 51376979, 'id_str': '51376979', 'indices': [0, 13]}], 'urls': []}","<a href=""https://mobile.twitter.com"" rel=""nofollow"">Twitter Web App</a>",1.27253313491179E+018,1.27253313491179E+018,51376979,51376979,sonamakapoor,8.14025796822045E+017,8.14025796822045E+017,,,,,False,0,1,0,0,1.27253313491179E+018,1.27253313491179E+018,False,False,si,,,,,,,,,,1
10,1.36085992964544E+018,Sun Feb 14 07:54:25 +0000 2021,1.36085992964544E+018,1.36085992964544E+018,@baba_sau ‡∂î‡∂∫ ‡∂ö‡∑í‡∂∏‡∑ä‡∂∂ ‡∂¥‡∂≠‡∑î‡∂ª‡∑î ‡∂∫‡∂±‡∑ä‡∂± ‡∑Ñ‡∑î‡∂ö‡∂±‡∑ä‡∂± ‡∂î‡∂±‡∑í ‡∂à,False,"[10, 42]","{'hashtags': [], 'symbols': [], 'user_mentions': [{'screen_name': 'baba_sau', 'name': '‡∑É‡∑î‡∂∂‡∑è Baba', 'id': 1331292327558610950, 'id_str': '1331292327558610950', 'indices': [0, 9]}], 'urls': []}","<a href=""http://twitter.com/download/android"" rel=""nofollow"">Twitter for Android</a>",1.36083366585756E+018,1.36083366585756E+018,1.3493400090699E+018,1.3493400090699E+018,Sugath59401316,1.3493400090699E+018,1.3493400090699E+018,,,,,False,0,1,0,0,1.36083292175028E+018,1.36083292175028E+018,False,False,si,,,,,,,,,,1
11,1.24677946689172E+018,Sun Apr 05 12:39:23 +0000 2020,1.24677946689172E+018,1.24677946689172E+018,@Ask_amdan @Wind_Desika ‡∂Ω‡∂ü‡∂∏ ‡∂±‡∑ë‡∂∫‡∑ù üòÅ,False,"[24, 34]","{'hashtags': [], 'symbols': [], 'user_mentions': [{'screen_name': 'Ask_amdan', 'name': '‡∂á‡∂∏‡∑ä‡∂©‡∂±‡∑ä.', 'id': 1194238790686130176, 'id_str': '1194238790686130176', 'indices': [0, 10]}, {'screen_name': 'Wind_Desika', 'name': 'WinD', 'id': 2533578847, 'id_str': '2533578847', 'indices': [11, 23]}], 'urls': []}","<a href=""http://twitter.com/download/android"" rel=""nofollow"">Twitter for Android</a>",1.246779300789E+018,1.246779300789E+018,1.19423879068613E+018,1.19423879068613E+018,Ask_amdan,7.24170397894226E+017,7.24170397894226E+017,,,,,False,0,2,1,0,1.24670504371534E+018,1.24670504371534E+018,False,False,si,,,,,,,,,,0
12,1.23450232501799E+018,Mon Mar 02 15:34:24 +0000 2020,1.23450232501799E+018,1.23450232501799E+018,@yasithfernando @Welikumbura ‡∂Ö‡∂±‡∑ö ‡∑Ñ‡∑î‡∂ö‡∑ö ‡∂ö‡∑í‡∂∏‡∑ä‡∂∂ ‡∑É‡∑î‡∂Ø‡∑î ‡∂±‡∂∏‡∑ä ‡∂ª‡∂ß‡∂ß ‡∑Ñ‡∑í‡∂ö‡∑í‡∂±‡∂≠‡∑ä ‡∂ö‡∂∏‡∂ö‡∑ä ‡∂±‡∑ë.....ü§£ü§£‚òùÔ∏è,False,"[29, 81]","{'hashtags': [], 'symbols': [], 'user_mentions': [{'screen_name': 'yasithfernando', 'name': 'Yasith Fernando', 'id': 912384168, 'id_str': '912384168', 'indices': [0, 15]}, {'screen_name': 'Welikumbura', 'name': 'Prasad Welikumbura', 'id': 914720730, 'id_str': '914720730', 'indices': [16, 28]}], 'urls': []}","<a href=""http://twitter.com/download/android"" rel=""nofollow"">Twitter for Android</a>",1.23449951324047E+018,1.23449951324047E+018,912384168,912384168,yasithfernando,1.09080525884075E+018,1.09080525884075E+018,,,,,False,0,0,1,0,1.23446613414288E+018,1.23446613414288E+018,False,False,si,,,,,,,,,,1
13,1.35225730143281E+018,Thu Jan 21 14:10:39 +0000 2021,1.35225730143281E+018,1.35225730143281E+018,@Iam_N_Sandaru ‡∂∏‡∑ú‡∂ö‡∂ö‡∑ä,False,"[15, 20]","{'hashtags': [], 'symbols': [], 'user_mentions': [{'screen_name': 'Iam_N_Sandaru', 'name': 'üÖΩIRMAL ‚ú∞', 'id': 1057885194630311936, 'id_str': '1057885194630311936', 'indices': [0, 14]}], 'urls': []}","<a href=""http://twitter.com/download/android"" rel=""nofollow"">Twitter for Android</a>",1.35225581127646E+018,1.35225581127646E+018,1.05788519463031E+018,1.05788519463031E+018,Iam_N_Sandaru,1.19637419840845E+018,1.19637419840845E+018,,,,,False,0,1,1,0,1.35225581127646E+018,1.35225581127646E+018,False,False,si,,,,,,,,,,0
14,1.05976587477145E+018,Tue Nov 06 11:14:08 +0000 2018,1.05976587477145E+018,1.05976587477145E+018,@Indrajithonline ‡∂ö‡∑í‡∂∏‡∑ä‡∂∂,False,"[17, 22]","{'hashtags': [], 'symbols': [], 'user_mentions': [{'screen_name': 'Indrajithonline', 'name': 'Indrajith Bandara', 'id': 806420239789527040, 'id_str': '806420239789527040', 'indices': [0, 16]}], 'urls': []}","<a href=""http://twitter.com/download/android"" rel=""nofollow"">Twitter for Android</a>",1.05927965489524E+018,1.05927965489524E+018,8.06420239789527E+017,8.06420239789527E+017,Indrajithonline,1.05348204500592E+018,1.05348204500592E+018,,,,,False,0,0,0,0,1.05927965489524E+018,1.05927965489524E+018,False,False,si,,,,,,,,,,1
15,1.02409053135627E+018,Tue Jul 31 00:33:04 +0000 2018,1.02409053135627E+018,1.02409053135627E+018,Akkage Kimba ‡∂Ö‡∂ö‡∑ä‡∂ö‡∂ú‡∑ô ‡∂ö‡∑í‡∂∏‡∑ä‡∂∂‚Äã https://t.co/Mx6qRzDqH8 https://t.co/72oUISx88I,False,"[0, 50]","{'hashtags': [], 'symbols': [], 'user_mentions': [], 'urls': [{'url': 'https://t.co/Mx6qRzDqH8', 'expanded_url': 'http://dlvr.it/QdJ0zL', 'display_url': 'dlvr.it/QdJ0zL', 'indices': [27, 50]}], 'media': [{'id': 1024090529695293440, 'id_str': '1024090529695293440', 'indices': [51, 74], 'media_url': 'http://pbs.twimg.com/media/DjZM6TBUYAA_zyJ.jpg', 'media_url_https': 'https://pbs.twimg.com/media/DjZM6TBUYAA_zyJ.jpg', 'url': 'https://t.co/72oUISx88I', 'display_url': 'pic.twitter.com/72oUISx88I', 'expanded_url': 'https://twitter.com/xxxwalkatha/status/1024090531356270592/photo/1', 'type': 'photo', 'original_info': {'width': 561, 'height': 295, 'focus_rects': [{'x': 0, 'y': 0, 'h': 295, 'w': 527}, {'x': 63, 'y': 0, 'h': 295, 'w': 295}, {'x': 81, 'y': 0, 'h': 295, 'w': 259}, {'x': 136, 'y': 0, 'h': 295, 'w': 148}, {'x': 0, 'y': 0, 'h': 295, 'w': 561}]}, 'sizes': {'large': {'w': 561, 'h': 295, 'resize': 'fit'}, 'thumb': {'w': 150, 'h': 150, 'resize': 'crop'}, 'medium': {'w': 561, 'h': 295, 'resize': 'fit'}, 'small': {'w': 561, 'h': 295, 'resize': 'fit'}}, 'features': {'large': {'faces': [{'x': 148, 'y': 84, 'h': 197, 'w': 197}]}, 'medium': {'faces': [{'x': 148, 'y': 84, 'h': 197, 'w': 197}]}, 'small': {'faces': [{'x': 148, 'y': 84, 'h': 197, 'w': 197}]}, 'orig': {'faces': [{'x': 148, 'y': 84, 'h': 197, 'w': 197}]}}}]}","<a href=""https://dlvrit.com/"" rel=""nofollow"">dlvr.it</a>",,,,,,4118571078,4118571078,,,,,False,0,3,0,0,1.02409053135627E+018,1.02409053135627E+018,False,False,und,,"{'media': [{'id': 1024090529695293440, 'id_str': '1024090529695293440', 'indices': [51, 74], 'media_url': 'http://pbs.twimg.com/media/DjZM6TBUYAA_zyJ.jpg', 'media_url_https': 'https://pbs.twimg.com/media/DjZM6TBUYAA_zyJ.jpg', 'url': 'https://t.co/72oUISx88I', 'display_url': 'pic.twitter.com/72oUISx88I', 'expanded_url': 'https://twitter.com/xxxwalkatha/status/1024090531356270592/photo/1', 'type': 'photo', 'original_info': {'width': 561, 'height': 295, 'focus_rects': [{'x': 0, 'y': 0, 'h': 295, 'w': 527}, {'x': 63, 'y': 0, 'h': 295, 'w': 295}, {'x': 81, 'y': 0, 'h': 295, 'w': 259}, {'x': 136, 'y': 0, 'h': 295, 'w': 148}, {'x': 0, 'y': 0, 'h': 295, 'w': 561}]}, 'sizes': {'large': {'w': 561, 'h': 295, 'resize': 'fit'}, 'thumb': {'w': 150, 'h': 150, 'resize': 'crop'}, 'medium': {'w': 561, 'h': 295, 'resize': 'fit'}, 'small': {'w': 561, 'h': 295, 'resize': 'fit'}}, 'features': {'large': {'faces': [{'x': 148, 'y': 84, 'h': 197, 'w': 197}]}, 'medium': {'faces': [{'x': 148, 'y': 84, 'h': 197, 'w': 197}]}, 'small': {'faces': [{'x': 148, 'y': 84, 'h': 197, 'w': 197}]}, 'orig': {'faces': [{'x': 148, 'y': 84, 'h': 197, 'w': 197}]}}, 'media_key': '3_1024090529695293440', 'ext_media_color': {'palette': [{'rgb': {'red': 249, 'green': 193, 'blue': 142}, 'percentage': 58.68}, {'rgb': {'red': 24, 'green': 7, 'blue': 5}, 'percentage': 15.93}, {'rgb': {'red': 166, 'green': 100, 'blue': 22}, 'percentage': 11.07}, {'rgb': {'red': 127, 'green': 72, 'blue': 38}, 'percentage': 8.44}, {'rgb': {'red': 214, 'green': 132, 'blue': 102}, 'percentage': 2.05}]}, 'ext_alt_text': None, 'ext_media_availability': {'status': 'available'}, 'ext': {'mediaStats': {'r': 'Missing', 'ttl': -1}}}]}",False,True,,,,,,1
16,1.26232458868967E+018,Mon May 18 10:10:09 +0000 2020,1.26232458868967E+018,1.26232458868967E+018,@iamsusantha88 @Sansajran ‡∂ú‡∑É‡∑ä ‡∂Ø‡∑ô‡∂∂‡∂Ω‡∂ö‡∑ä ‡∂ö‡∂¥‡∂Ω‡∑è ‡∂ú‡∂±‡∑ä‡∂± ‡∂Ω‡∑ì ‡∂¢‡∑è‡∂≠‡∑í‡∂∫‡∂ö‡∑ä ‡∂í,False,"[26, 59]","{'hashtags': [], 'symbols': [], 'user_mentions': [{'screen_name': 'Sansajran', 'name': 'ùó¶ùóÆùóªùó±ùòÇùóª', 'id': 199129412, 'id_str': '199129412', 'indices': [15, 25]}], 'urls': []}","<a href=""http://twitter.com/download/android"" rel=""nofollow"">Twitter for Android</a>",1.26232314557653E+018,1.26232314557653E+018,1.19336486880129E+018,1.19336486880129E+018,iamsusan88,1.18116930487788E+018,1.18116930487788E+018,,,,,False,0,2,2,0,1.26231577175101E+018,1.26231577175101E+018,False,False,si,,,,,,,,,,0
20,1.37155979555205E+018,Mon Mar 15 20:31:52 +0000 2021,1.37155979555205E+018,1.37155979555205E+018,@Geeth__R @Shafraz_Cader ‡∂ã‡∂∂‡∂Ω‡∑ê ‡∂Ö‡∂∏‡∑ä‡∂∏‡∂ú‡∑ö ‡∂Ø‡∑è‡∂ª ‡∂ö‡∑í‡∂∏‡∑ä‡∂∂‡∑ô‡∂±‡∑ä ... ‡∂Ö‡∂±‡∑ö ‡∂∏‡∑î‡∑É‡∑ä‡∂Ω‡∑í‡∂∏‡∑ä ‡∂å‡∂ª‡∑ê ‡∑Ä‡∑ô‡∑É‡∑í‡∂∫‚Äç‡∑ö ‡∂≠‡∑ú‡∂ú‡∑ö ‡∂ö‡∑í‡∂∏‡∑ä‡∂∂‡∂ß ‡∂å‡∂ª‡∑ê ‡∂≠‡∑ö‡∂Ω‡∑ä ‡∂Ø‡∑è‡∂Ω‡∑è ‡∑Ñ‡∑î‡∂ö‡∂±‡∑ä‡∂±‡∑ö ‡∂ö‡∑í‡∂∏‡∑ä‡∂∂ ‡∂ö‡∑î‡∂´‡∑î‡∑Ä‡∑ô‡∂Ω‡∑è ‡∂∫‡∂±‡∑ä‡∂± ‡∂Ø‡∑ê‡∂±‡∂ú‡∂±‡∑í‡∂±‡∑ä ‡∂¥‡∂ß‡∑ä‡∂ß ‡∑Ä‡∑ô‡∑É‡∑í ‡∂≠‡∑ú‡∂ú‡∑ö ‡∂¥‡∑î‡∂ö‡∂ß ‡∂å‡∂ª‡∑ê ‡∂≠‡∑ö‡∂Ω‡∑ä ‡∂∂‡∑í‡∂Ç‡∂Ø‡∑î‡∑Ä‡∂ö‡∑ä ‡∂Ø‡∑è‡∂Ω‡∑è ‡∂¥‡∑î‡∂ö‡∑ö ‡∂Ö‡∂ª‡∑í‡∂±‡∑ä‡∂±‡∑ô ‡∂ª‡∑ô‡∂±‡∂ö‡∑ú‡∂ß ‡∂å‡∂ª‡∑ê ‡∂¥‡∑ê‡∂ß‡∑Ä‡∑ä ‡∑Ä‡∑ê‡∂ß‡∑ô‡∂±‡∑ä‡∂± ‡∂Ø‡∑ê‡∂±‡∂ú‡∂±‡∑í‡∂±‡∑ä ‡∂ö‡∑ê‡∂ª‡∑í ‡∑Ä‡∑ô‡∑É‡∑í ‡∂â‡∑É‡∑ä‡∑É‚Äç‡∑ö‡∂Ω‡∑ä‡∂Ω‡∑è ‡∂ö‡∑í‡∂∏‡∑ä‡∂∂‡∑ö ‡∂ú‡∂≥ ‡∂∫‡∑Ä‡∑è‡∂ú‡∂±‡∑í‡∂±‡∑ä ‡∑Ñ‡∑ú‡∂Ø‡∂ß ‡∂±‡∑è‡∂Ω‡∑è ‡∂ö‡∑ê‡∂ª‡∑í ‡∑Ñ‡∂∏‡∑ä‡∂∂ ‡∑Ä‡∑ô‡∑É‡∑í,False,"[25, 296]","{'hashtags': [], 'symbols': [], 'user_mentions': [{'screen_name': 'Geeth__R', 'name': 'üî±AZI üòå‚òÅÔ∏èüá±üá∞', 'id': 949549091905826816, 'id_str': '949549091905826816', 'indices': [0, 9]}, {'screen_name': 'Shafraz_Cader', 'name': 'Shafraz Cader', 'id': 1467472404, 'id_str': '1467472404', 'indices': [10, 24]}], 'urls': []}","<a href=""http://twitter.com/download/android"" rel=""nofollow"">Twitter for Android</a>",1.37132012267401E+018,1.37132012267401E+018,9.49549091905827E+017,9.49549091905827E+017,Geeth__R,1.35961909249227E+018,1.35961909249227E+018,,,,,False,0,0,0,0,1.3713189289249E+018,1.3713189289249E+018,False,False,si,,,,,,,,,,1
21,1.30390100007646E+018,Thu Sep 10 03:39:58 +0000 2020,1.30390100007646E+018,1.30390100007646E+018,"‡∂Ö‡∂¥‡∑ö ‡∂ö‡∑ê‡∂∏‡∑ä‡∂¥‡∑É‡∑ä ‡∂ë‡∂ö‡∑ö ‡∂ö‡∑ê‡∂±‡∑ä‡∂ß‡∑í‡∂∏‡∑ö ‡∂Ø‡∑ô‡∂± ‡∂¥‡∂ª‡∑í‡∂¥‡∑ä‡∂¥‡∑î ‡∂ö‡∑ë‡∑Ä‡∂±‡∂∏‡∑ä.. ‡∂∏‡∑í‡∂±‡∑í‡∑É‡∑ä‡∑É‡∑î ‡∂¥‡∂ª‡∑í‡∂¥‡∑ä‡∂¥‡∑î ‡∂ö‡∂± ‡∂ë‡∂ö ‡∂Ö‡∂≠‡∑Ñ‡∂ª‡∑í‡∂±‡∑Ä‡∑è.. ‡∂ë‡∂≠‡∂ö‡∑ú‡∂ß ‡∂â‡∂∏‡∑ä‡∂¥‡∑ù‡∂ª‡∑ä‡∂ß‡∑ä ‡∂ö‡∂ª‡∂±‡∑ä‡∂± ‡∂ï‡∂±‡∑ô‡∂≠‡∑ä ‡∂±‡∑ë ... 
‡∂Ü‡∂Ø‡∑ö‡∑Å‡∂ö ‡∂ï‡∂±‡∑ô‡∂≠‡∑ä ‡∂±‡∑ë...
üòÇ",False,"[0, 135]","{'hashtags': [], 'symbols': [], 'user_mentions': [], 'urls': []}","<a href=""http://twitter.com/download/android"" rel=""nofollow"">Twitter for Android</a>",,,,,,8.36512553622593E+017,8.36512553622593E+017,,,"{'id': '173c2bb9d42baaa5', 'url': 'https://api.twitter.com/1.1/geo/id/173c2bb9d42baaa5.json', 'place_type': 'country', 'name': 'Sri Lanka', 'full_name': 'Sri Lanka', 'country_code': 'LK', 'country': 'Sri Lanka', 'contained_within': [], 'bounding_box': {'type': 'Polygon', 'coordinates': [[[79.6505263, 5.9213829], [81.8787816, 5.9213829], [81.8787816, 9.8359375], [79.6505263, 9.8359375]]]}, 'attributes': {}}",,False,1,67,7,1,1.30390100007646E+018,1.30390100007646E+018,False,False,si,,,,,,,,,,0
23,1.21920731886225E+018,Mon Jan 20 10:37:31 +0000 2020,1.21920731886225E+018,1.21920731886225E+018,@VinshadaYasasmi @Chandu_original @Anushka60212320 @KasunKoswattha ‡∂∏‡∑ú‡∂± ‡∑Ñ‡∑î‡∂≠‡∑ä‡∂≠‡∂ö‡∑ä‡∂Ø‡∑ù‡∂∫‡∑í ‡∂∏‡∑ö ‡∂ö‡∑í‡∂∫‡∂±‡∑ä‡∂±‡∑ô? ‡∂ö‡∑í‡∂∫‡∂± ‡∂¥‡∑ú‡∂Ω‡∑ä ‡∂ö‡∑í‡∂∏‡∑ä‡∂∂‡∂ö‡∑ä ‡∂≠‡∑ö‡∂ª‡∑ô‡∂±‡∑ä‡∂± ‡∂ö‡∑í‡∂∫‡∂±‡∑Ä‡∂ö‡∑ú,False,"[67, 128]","{'hashtags': [], 'symbols': [], 'user_mentions': [{'screen_name': 'VinshadaYasasmi', 'name': 'Vinshada Yasasmini', 'id': 1353365228, 'id_str': '1353365228', 'indices': [0, 16]}, {'screen_name': 'Chandu_original', 'name': 'üÖíüÖóüÖêüÖùüÖìüÖ§·µÖüí´', 'id': 1181169304877879297, 'id_str': '1181169304877879297', 'indices': [17, 33]}, {'screen_name': 'KasunKoswattha', 'name': 'Kasun K', 'id': 327293824, 'id_str': '327293824', 'indices': [51, 66]}], 'urls': []}","<a href=""http://twitter.com/download/android"" rel=""nofollow"">Twitter for Android</a>",1.2192058671801E+018,1.2192058671801E+018,1353365228,1353365228,VinshadaYasasmi,799677397,799677397,,,"{'id': '173c2bb9d42baaa5', 'url': 'https://api.twitter.com/1.1/geo/id/173c2bb9d42baaa5.json', 'place_type': 'country', 'name': 'Sri Lanka', 'full_name': 'Sri Lanka', 'country_code': 'LK', 'country': 'Sri Lanka', 'contained_within': [], 'bounding_box': {'type': 'Polygon', 'coordinates': [[[79.6505263, 5.9213829], [81.8787816, 5.9213829], [81.8787816, 9.8359375], [79.6505263, 9.8359375]]]}, 'attributes': {}}",,False,0,9,1,0,1.21877428429173E+018,1.21877428429173E+018,False,False,si,,,,,,,,,,1
24,9.65226467792536E+017,Sun Feb 18 14:08:17 +0000 2018,9.65226467792536E+017,9.65226467792536E+017,"‡∂∂‡∑ä‡∂Ω‡∂©‡∑ä ‡∂∂‡∑ë‡∂±‡∑ä‡∂ö‡∑ä ‡∑Ä‡∂ú‡∑ö‡∂∏ ‡∑É‡∑ä‡∂¥‡∂ª‡∑ä‡∂∏‡∑ä ‡∂∂‡∑ë‡∂±‡∑ä‡∂ö‡∑ä ‡∂ë‡∂ö‡∂ö‡∑î‡∂≠‡∑ä ‡∂Ω‡∂Ç‡∂ö‡∑è‡∑Ä‡∑ô ‡∂¥‡∂ß‡∂Ç ‡∂ú‡∂±‡∑ä‡∂± ‡∂ï‡∂±‡∑í
@WindDesika ‡∑Ä‡∂ú‡∑ô ‡∑É‡∑í‡∂Ç‡∂ú‡∂Ω‡∑ä ‡∂ö‡∑ô‡∂Ω‡∑ä‡∂Ω‡∑ú‡∂±‡∑ä‡∂ß ‡∂∏‡∑í‡∂±‡∑í‡∑Ñ‡∑ô‡∂ö‡∑ä ‡∂±‡∑ê‡∂≠‡∑î‡∑Ä ‡∂Ω‡∂∏‡∂∫‡∑ô‡∂ö‡∑ä ‡∑Ñ‡∂Ø‡∑è‡∂ú‡∂±‡∑ä‡∂±‡∂≠‡∑ä ‡∂¥‡∑î‡∂Ω‡∑î‡∑Äx @rathgamaya ‡∑Ä‡∂ú‡∑ö ‡∑Ñ‡∑ê‡∂±‡∑ä‡∂©‡∑í ‡∂∂‡∑ä‚Äç‡∂ª‡∑ö‡∂ö‡∂¥‡∑ä ‡∂ö‡∑ú‡∂Ω‡∑ä‡∂Ω‡∑ú‡∂±‡∑ä‡∂ß ‡∂â‡∂±‡∑ä‡∂ö‡∂∏‡∑ä ‡∂ë‡∂ö‡∂ö‡∑î‡∂≠‡∑ä ‡∑Ñ‡∑ú‡∂∫‡∑è‡∂ú‡∂±‡∑ä‡∂± ‡∂¥‡∑î‡∂Ω‡∑î‡∑Ä‡∂±‡∑ä
‡∂∏‡∑ú‡∂ö‡∂Ø ‡∂ö‡∑í‡∂∫‡∂±‡∑ä‡∂±‡∑ô ‡∑É‡∂±‡∑í‡∂ö‡∑è
‡∑É‡∑û‡∂õ‡∑ä‚Äç‡∂∫ ‡∂á‡∂∏‡∂≠‡∑í‡∂ú‡∑ô‡∂Ç ‡∂Ö‡∑Ä‡∑É‡∂ª ‡∂Ö‡∂ª‡∂Ç ‡∂Ö‡∂¥‡∑í ‡∑Ä‡∑ê‡∂©‡∑ö ‡∂¥‡∂ß‡∂Ç‡∂ú‡∂∏‡∑î‡∂Ø?
@stranshad",False,"[0, 276]","{'hashtags': [], 'symbols': [], 'user_mentions': [{'screen_name': 'rathgamaya', 'name': 'Raththa üå∏', 'id': 246224922, 'id_str': '246224922', 'indices': [132, 143]}, {'screen_name': 'stranshad', 'name': 'Sanik Thuransha', 'id': 401184754, 'id_str': '401184754', 'indices': [266, 276]}], 'urls': []}","<a href=""http://twitter.com/download/iphone"" rel=""nofollow"">Twitter for iPhone</a>",,,,,,2393877565,2393877565,,,,,False,2,19,5,0,9.65226467792536E+017,9.65226467792536E+017,False,False,si,,,,,"{'id': 965226467792535552, 'id_str': '965226467792535552'}",,,,,0
25,1.28254178369235E+018,Mon Jul 13 05:06:04 +0000 2020,1.28254178369235E+018,1.28254178369235E+018,Colombo girl Pussy licking ‡∑Ñ‡∑ú‡∂Ø‡∂ß‡∂∏ ‡∑Ä‡∑ô‡∂ª‡∑í ‡∑É‡∑ä‡∂¥ ‡∂±‡∂±‡∑ä‡∂ú‡∑í ‡∂ö‡∑í‡∂∏‡∑ä‡∂∂ ‡∂Ω‡∑ô‡∑Ä‡∂ö‡∑Ä‡∑è‡∂ú‡∂±‡∑ä‡∂±‡∑Ä‡∑è https://t.co/8TfzjhvxSu,False,"[0, 90]","{'hashtags': [], 'symbols': [], 'user_mentions': [], 'urls': [{'url': 'https://t.co/8TfzjhvxSu', 'expanded_url': 'https://fp.alrau.com/colombo-girl-pussy-licking-%e0%b7%84%e0%b7%9c%e0%b6%af%e0%b6%a7%e0%b6%b8-%e0%b7%80%e0%b7%99%e0%b6%bb%e0%b7%92-%e0%b7%83%e0%b7%8a%e0%b6%b4-%e0%b6%b1%e0%b6%b1%e0%b7%8a%e0%b6%9c%e0%b7%92-%e0%b6%9a/', 'display_url': 'fp.alrau.com/colombo-girl-p‚Ä¶', 'indices': [67, 90]}]}","<a href=""https://mobile.twitter.com"" rel=""nofollow"">Twitter Web App</a>",,,,,,1.10162423401772E+018,1.10162423401772E+018,,,,,False,1,2,0,0,1.28254178369235E+018,1.28254178369235E+018,False,False,und,,,False,True,,"{'name': 'summary', 'url': 'https://t.co/8TfzjhvxSu', 'card_type_url': 'http://card-type-url-is-deprecated.invalid', 'binding_values': {'vanity_url': {'type': 'STRING', 'string_value': 'fp.alrau.com', 'scribe_key': 'vanity_url'}, 'domain': {'type': 'STRING', 'string_value': 'fp.alrau.com'}, 'title': {'type': 'STRING', 'string_value': 'Colombo girl Pussy licking ‡∑Ñ‡∑ú‡∂Ø‡∂ß‡∂∏ ‡∑Ä‡∑ô‡∂ª‡∑í ‡∑É‡∑ä‡∂¥ ‡∂±‡∂±‡∑ä‡∂ú‡∑í ‡∂ö‡∑í‡∂∏‡∑ä‡∂∂ ‡∂Ω‡∑ô‡∑Ä‡∂ö‡∑Ä‡∑è‡∂ú‡∂±‡∑ä‡∂±‡∑Ä‡∑è | FP'}, 'thumbnail_image_small': {'type': 'IMAGE', 'image_value': {'url': 'https://pbs.twimg.com/card_img/1351318082086690820/QM_hxrEo?format=jpg&name=100x100_2', 'width': 100, 'height': 100, 'alt': None}}, 'thumbnail_image': {'type': 'IMAGE', 'image_value': {'url': 'https://pbs.twimg.com/card_img/1351318082086690820/QM_hxrEo?format=jpg&name=144x144_2', 'width': 144, 'height': 144, 'alt': None}}, 'thumbnail_image_large': {'type': 'IMAGE', 'image_value': {'url': 'https://pbs.twimg.com/card_img/1351318082086690820/QM_hxrEo?format=jpg&name=280x280_2', 'width': 145, 'height': 145, 'alt': None}}, 'thumbnail_image_x_large': {'type': 'IMAGE', 'image_value': {'url': 'https://pbs.twimg.com/card_img/1351318082086690820/QM_hxrEo?format=png&name=2048x2048_2_exp', 'width': 258, 'height': 145, 'alt': None}}, 'thumbnail_image_color': {'type': 'IMAGE_COLOR', 'image_color_value': {'palette': [{'percentage': 46.33, 'rgb': {'red': 214, 'green': 204, 'blue': 194}}, {'percentage': 36.83, 'rgb': {'red': 80, 'green': 55, 'blue': 49}}, {'percentage': 12.6, 'rgb': {'red': 129, 'green': 97, 'blue': 84}}, {'percentage': 3.2, 'rgb': {'red': 146, 'green': 132, 'blue': 118}}, {'percentage': 0.47, 'rgb': {'red': 176, 'green': 119, 'blue': 195}}]}}, 'thumbnail_image_original': {'type': 'IMAGE', 'image_value': {'url': 'https://pbs.twimg.com/card_img/1351318082086690820/QM_hxrEo?format=jpg&name=orig', 'width': 258, 'height': 145, 'alt': None}}, 'card_url': {'type': 'STRING', 'string_value': 'https://t.co/8TfzjhvxSu', 'scribe_key': 'card_url'}}, 'card_platform': {'platform': {'device': {'name': 'Swift', 'version': '12'}, 'audience': {'name': 'production', 'bucket': None}}}}",,,,1
29,1.06100346487495E+018,Fri Nov 09 21:11:53 +0000 2018,1.06100346487495E+018,1.06100346487495E+018,"@indrajithline ‡∂ö‡∑ê‡∂ª‡∑í ‡∂ö‡∑ú‡∂Ω‡∑ä‡∂Ω‡∑ú ‡∂∏‡∂∏ ‡∂ã‡∂π‡∑ô‡∂±‡∑ä ‡∂ä‡∂∫‡∑ô ‡∂Ö‡∑Ñ‡∂¥‡∑î ‡∂¥‡∑É‡∑ä‡∂±‡∑ô‡∂ß ‡∂ã‡∂≠‡∑ä‡∂≠‡∂ª‡∂∫‡∂ö‡∑ä ‡∑Ñ‡∂∏‡∑ä‡∂∂‡∑î‡∂±‡∑ä‡∂±‡∑ë,  ‡∂ö‡∑í‡∂∏‡∑ä‡∂∂ ‡∂±‡∂Ω‡∂Ω‡∂ß ‡∂ú‡∂≠‡∑ä‡∂≠‡∑î ‡∂ö‡∑ô‡∂Ω‡∑ä‡∂Ω‡∂±‡∑ä‡∂ß‡∂≠‡∑ä ‡∑Ä‡∂©‡∑è ‡∂¥‡∂ö‡∑ö ‡∂Ω‡∂∫‡∑í‡∂±‡∑ä ‡∂±‡∑ô ‡∂ã‡∂π‡∑ô‡∂≠‡∑ä ‡∑Ä‡∑ô‡∂Ω‡∑è‡∑Ä‡∂ö‡∂ß.",False,"[15, 132]","{'hashtags': [], 'symbols': [], 'user_mentions': [], 'urls': []}","<a href=""http://twitter.com/download/android"" rel=""nofollow"">Twitter for Android</a>",1.06098824122504E+018,1.06098824122504E+018,1105901318,1105901318,Indrajithlk,1.02239395955592E+018,1.02239395955592E+018,,,,,False,0,0,0,0,1.06098824122504E+018,1.06098824122504E+018,False,False,si,,,,,,,,,,1
32,1.27291661323522E+018,Tue Jun 16 15:39:04 +0000 2020,1.27291661323522E+018,1.27291661323522E+018,"‡∂Ø‡∑è‡∂Ω ‡∂ú‡∑í‡∂∫ ‡∂ö‡∑í‡∂∏‡∑ä‡∂∂‡∂ß ‡∂≠‡∑Ä‡∂∏ ‡∂ö‡∑Ä‡∑í ‡∂Ω‡∑í‡∂∫‡∂± ‡∂ë‡∑Ä‡∑î‡∂±‡∑ä
'‡∑É' ‡∂ß ‡∂ª‡∂ß ‡∂¥‡∑è‡∂Ω‡∂±‡∂∫ ‡∂ú‡∑ê‡∂± ‡∂ö‡∑í‡∂∫‡∂Ω‡∑è ‡∂Ø‡∑ô‡∂± ‡∂ë‡∂ö ‡∑Ñ‡∑ô‡∂´ ‡∂ö‡∑ê‡∂≠‡∂∫‡∑í..
üôÅ",False,"[0, 79]","{'hashtags': [], 'symbols': [], 'user_mentions': [], 'urls': []}","<a href=""http://twitter.com/download/android"" rel=""nofollow"">Twitter for Android</a>",,,,,,2911831267,2911831267,,,,,False,0,11,2,0,1.27291661323522E+018,1.27291661323522E+018,False,False,si,,,,,,,,,,1
47,8.73668760749691E+017,Sat Jun 10 22:30:39 +0000 2017,8.73668760749691E+017,8.73668760749691E+017,@PiumiHansamali ‡∂Ö‡∂¥‡∑ä‡∂¥‡∂ß ‡∑É‡∑í‡∂ª‡∑í ‡∑Ñ‡∑î‡∂ö‡∂±‡∑ä‡∂±‡∂∏‡∂∫‡∑í ‡∑Ñ‡∑í‡∂≠‡∑ö‡∂±‡∑ä‡∂±‡∑ö ‡∂ö‡∑í‡∂∏‡∑ä‡∂∂ ‡∂Ø‡∑ö‡∂±‡∑ä‡∂±‡∂ö‡∑ú ‡∑Ñ‡∑ú‡∂Ø‡∂ß ‡∂Ø‡∑í‡∑Ä‡∂Ø‡∑è‡∂Ω‡∑è ‡∂ã‡∂ª‡∂Ω‡∑è ‡∑Ä‡∂≠‡∑î‡∂ª ‡∂ß‡∑í‡∂ö ‡∂ë‡∂Ω‡∑í‡∂∫‡∂ß ‡∂ú‡∂±‡∑ä‡∂±‡∂Ç,False,"[16, 98]","{'hashtags': [], 'symbols': [], 'user_mentions': [{'screen_name': 'PiumiHansamali', 'name': 'Piumi Hansamali', 'id': 865957605264433153, 'id_str': '865957605264433153', 'indices': [0, 15]}], 'urls': []}","<a href=""http://twitter.com/download/android"" rel=""nofollow"">Twitter for Android</a>",8.73029484710044E+017,8.73029484710044E+017,8.65957605264433E+017,8.65957605264433E+017,PiumiHansamali,8.69330559046169E+017,8.69330559046169E+017,,,,,False,0,0,0,0,8.73029484710044E+017,8.73029484710044E+017,False,False,si,,,,,,,,,,1
52,1.25384749303021E+018,Sat Apr 25 00:45:12 +0000 2020,1.25384749303021E+018,1.25384749303021E+018,@AnuRadh06599923 ‡∂≠‡∂±‡∑ä ‡∂Ø‡∑ô‡∂ö ‡∂ö‡∑í‡∂∏‡∑ä‡∂∂ ‡∑É‡∑î‡∂Ø‡∑î‡∑Ä‡∂ß ‡∂á‡∂≠‡∑í‡∂±‡∑ö ‡∂∏‡∑ê‡∂±‡∑í‡∂ö,False,"[17, 49]","{'hashtags': [], 'symbols': [], 'user_mentions': [{'screen_name': 'AnuRadh06599923', 'name': 'AnuRadhaüá±üá∞', 'id': 1209170954213089281, 'id_str': '1209170954213089281', 'indices': [0, 16]}], 'urls': []}","<a href=""http://twitter.com/download/android"" rel=""nofollow"">Twitter for Android</a>",1.25368919028758E+018,1.25368919028758E+018,1.20917095421309E+018,1.20917095421309E+018,AnuRadh06599923,1.18154530050831E+018,1.18154530050831E+018,,,,,False,0,0,0,0,1.25368919028758E+018,1.25368919028758E+018,False,False,si,,,,,,,,,,1
54,1.30750612095353E+018,Sun Sep 20 02:25:26 +0000 2020,1.30750612095353E+018,1.30750612095353E+018,@YessNaughty ‡∂î‡∂∫‡∑è‡∂ú‡∑ö ‡∂ö‡∑í‡∂∏‡∑ä‡∂∂ ‡∂á‡∂≠‡∑î‡∂Ω‡∂ß‡∂∏ ‡∂Ø‡∑è‡∂±‡∑ä‡∂±‡∂∏‡∑ä üòò,False,"[13, 41]","{'hashtags': [], 'symbols': [], 'user_mentions': [], 'urls': []}","<a href=""http://twitter.com/download/android"" rel=""nofollow"">Twitter for Android</a>",,,,,,1.06946050870363E+018,1.06946050870363E+018,,,,,False,0,0,0,0,1.30750452239937E+018,1.30750452239937E+018,False,False,si,,,,,,,,,,1
59,8.32611112159891E+017,Fri Feb 17 15:22:12 +0000 2017,8.32611112159891E+017,8.32611112159891E+017,@Rathgamaya ‡∂ö‡∑í‡∂∏‡∑ä‡∂∂ ‡∂≠‡∑í‡∂∫‡∂Ç ‡∂¥‡∑î‡∂¥ ‡∂Ø‡∑ô‡∂±‡∑ä‡∂±‡∑ö ‡∂∏‡∂ö‡∑ä‡∂ö‡∂Ø,False,"[12, 39]","{'hashtags': [], 'symbols': [], 'user_mentions': [{'screen_name': 'rathgamaya', 'name': 'Raththa üå∏', 'id': 246224922, 'id_str': '246224922', 'indices': [0, 11]}], 'urls': []}","<a href=""http://twitter.com/download/android"" rel=""nofollow"">Twitter for Android</a>",8.32604051564933E+017,8.32604051564933E+017,246224922,246224922,rathgamaya,158028921,158028921,,,,,False,1,1,0,0,8.32604051564933E+017,8.32604051564933E+017,False,False,si,,,,,,,,,,1
62,1.21920808176425E+018,Mon Jan 20 10:40:33 +0000 2020,1.21920808176425E+018,1.21920808176425E+018,@duliponline @Chandu_original @Anushka60212320 @KasunKoswattha ‡∂î‡∂∫‡∑è ‡∂±‡∑í‡∂ö‡∂±‡∑ä ‡∂∏‡∑í‡∂ª‡∑í‡∑É‡∑ä ‡∂ö‡∑î‡∂©‡∑î ‡∂¥‡∑ä‚Äç‡∂ª‡∑É‡∂±‡∑ä‡∂± ‡∂ª‡∂±‡∑Ä‡∑ì‡∂ª ‡∑Ä‡∂ú‡∑ö. ‡∂¥‡∑ú‡∂Ω‡∑ä ‡∂ö‡∑í‡∂∏‡∑ä‡∂∂ ‡∂∏‡∂Ç ‡∂ö‡∑í‡∂∫‡∂±‡∑ä‡∂± ‡∂ï‡∂±‡∑ô‡∂Ø? ‡∂ö‡∂´‡∑ä‡∂±‡∑è‡∂©‡∑í‡∂∫‡∂ö‡∑í‡∂±‡∑ä ‡∂ú‡∑í‡∑Ñ‡∑í‡∂±‡∑ä ‡∂≠‡∑ú‡∂ú‡∑ô ‡∂ö‡∂ß ‡∂∂‡∂Ω‡∂¥‡∂Ç‡∂ö‡∑ú. ‡∂¥‡∑ú‡∂Ω‡∑ä ‡∂ö‡∑í‡∂∂‡∑í ‡∑Ñ‡∑ú‡∂Ø‡∂∫‡∑í. ‡∂±‡∑ô‡∂Ø‡∂ö‡∑í‡∂±‡∑ä desi ‡∑Ñ‡∑î‡∂≠‡∑ä‡∂≠‡∂ö‡∑ä ‡∑Ä‡∂ú‡∑ö,False,"[63, 209]","{'hashtags': [], 'symbols': [], 'user_mentions': [{'screen_name': 'duliponline', 'name': '‡∂Ü‡∂ª‡∑ä. ‡∂∂‡∑ê‡∂Ø‡∑ä‡∂Ø‡∂ú‡∑ö', 'id': 799677397, 'id_str': '799677397', 'indices': [0, 12]}, {'screen_name': 'Chandu_original', 'name': 'üÖíüÖóüÖêüÖùüÖìüÖ§·µÖüí´', 'id': 1181169304877879297, 'id_str': '1181169304877879297', 'indices': [13, 29]}, {'screen_name': 'KasunKoswattha', 'name': 'Kasun K', 'id': 327293824, 'id_str': '327293824', 'indices': [47, 62]}], 'urls': []}","<a href=""http://twitter.com/download/iphone"" rel=""nofollow"">Twitter for iPhone</a>",1.21920731886225E+018,1.21920731886225E+018,799677397,799677397,duliponline,1353365228,1353365228,,,,,False,0,1,3,2,1.21877428429173E+018,1.21877428429173E+018,False,False,si,,,,,,,,,,1
66,1.21921211061111E+018,Mon Jan 20 10:56:33 +0000 2020,1.21921211061111E+018,1.21921211061111E+018,‡∂∏‡∑ö‡∂ö‡∑ô ‡∂≠‡∑ö‡∂ª‡∑î‡∂∏ ‡∂ö‡∑í‡∂∫‡∑Ñ‡∂Ω‡∑ä‡∂Ω‡∑è ‡∂ö‡∑è‡∂ª‡∑î ‡∑Ñ‡∂ª‡∑í ‡∂∏‡∂ßüòê,False,"[0, 32]","{'hashtags': [], 'symbols': [], 'user_mentions': [], 'urls': []}","<a href=""http://twitter.com/download/android"" rel=""nofollow"">Twitter for Android</a>",,,,,,1.18116930487788E+018,1.18116930487788E+018,,,,,True,0,21,9,0,1.21921211061111E+018,1.21921211061111E+018,False,False,si,,,,,,,1.21920808176425E+018,1.21920808176425E+018,"{'url': 'https://t.co/fUAg4O4ouT', 'expanded': 'https://twitter.com/VinshadaYasasmi/status/1219208081764245504', 'display': 'twitter.com/VinshadaYasasm‚Ä¶'}",0
67,1.36083366585756E+018,Sun Feb 14 06:10:03 +0000 2021,1.36083366585756E+018,1.36083366585756E+018,@baba_sau ‡∂ö‡∑í‡∂∏‡∑ä‡∂∂ ‡∂Ö‡∂Ø ‡∂â‡∂ª‡∑è ‡∂ú‡∂±‡∑í‡∂±‡∑ä ‡∂Ö‡∂¥‡∑í‡∂ß‡∂≠‡∑ä ‡∂∂‡∂Ω‡∂±‡∑ä‡∂± ‡∑Ñ‡∑ú‡∂Ø‡∑ö..,False,"[10, 48]","{'hashtags': [], 'symbols': [], 'user_mentions': [{'screen_name': 'baba_sau', 'name': '‡∑É‡∑î‡∂∂‡∑è Baba', 'id': 1331292327558610950, 'id_str': '1331292327558610950', 'indices': [0, 9]}], 'urls': []}","<a href=""http://twitter.com/download/android"" rel=""nofollow"">Twitter for Android</a>",1.36083292175028E+018,1.36083292175028E+018,1.33129232755861E+018,1.33129232755861E+018,baba_sau,1.3493400090699E+018,1.3493400090699E+018,,,,,False,0,1,2,0,1.36083292175028E+018,1.36083292175028E+018,False,False,si,,,,,,,,,,1
68,1.13706101064333E+018,Fri Jun 07 18:17:25 +0000 2019,1.13706101064333E+018,1.13706101064333E+018,@GangaDissanaya2 @MangalaLK ‡∂Ö‡∂±‡∑ö ‡∑Ä‡∑ö‡∑É‡∑í‡∂∫‡∑ö........ ‡∂≠‡∑ú‡∂ú‡∑ô ‡∂ö‡∑í‡∂∏‡∑ä‡∂∂ ‡∂¥‡∑Ö‡∂Ω‡∑è ‡∂Ω‡∑î‡∂´‡∑î ‡∂∏‡∑í‡∂ª‡∑í‡∑É‡∑ä ‡∂Ø‡∑è‡∂Ω‡∑è ‡∑Ä‡∑Ñ‡∂±‡∑ä‡∂±‡∑ö,False,"[28, 86]","{'hashtags': [], 'symbols': [], 'user_mentions': [{'screen_name': 'GangaDissanaya2', 'name': 'GIGI@#', 'id': 1093314845502451712, 'id_str': '1093314845502451712', 'indices': [0, 16]}, {'screen_name': 'MangalaLK', 'name': 'Mangala Samaraweera', 'id': 3032260688, 'id_str': '3032260688', 'indices': [17, 27]}], 'urls': []}","<a href=""http://twitter.com/download/android"" rel=""nofollow"">Twitter for Android</a>",1.13691456961016E+018,1.13691456961016E+018,1.09331484550245E+018,1.09331484550245E+018,GangaDissanaya2,1.13648603860247E+018,1.13648603860247E+018,,,,,False,0,0,0,0,1.13686855572559E+018,1.13686855572559E+018,False,False,si,,,,,,,,,,1
69,1.0796529998432E+018,Mon Dec 31 08:18:28 +0000 2018,1.0796529998432E+018,1.0796529998432E+018,"Possible bloopers 

* ‡∂ö‡∑í‡∂∏‡∑ä‡∂∂ ‡∂ë‡∂Ω‡∑í‡∂∫‡∂ß ‡∂Ø‡∑è‡∂±‡∑ä‡∂± (‡∂ö‡∑ñ‡∂©‡∑î‡∑Ä‡∑ô‡∂±‡∑ä)
* ‡∂ö‡∑í‡∂∏‡∑ä‡∂∂ ‡∂á‡∂≠‡∑î‡∂Ω‡∂ß ‡∂Ø‡∑è‡∂±‡∑ä‡∂± (‡∂ö‡∑ñ‡∂©‡∑î‡∑Ä‡∂ß)
* ‡∂ö‡∑í‡∂∏‡∑ä‡∂∂ ‡∂Ø‡∑ê‡∂±‡∑ä ‡∂Ω‡∑ú‡∂ö‡∑î‡∂Ø ?
* ‡∂ö‡∑í‡∂∏‡∑ä‡∂∂‡∂ú‡∑ô ‡∂∏‡∂∫‡∑í‡∂Ω‡∑ä ‡∑Ä‡∑ê‡∑Ä‡∑í‡∂Ω‡∑è ‡∂±‡∑ö‡∂Ø ‡∂Ø‡∑ê‡∂±‡∑ä?
* ‡∂ö‡∑í‡∂∏‡∑ä‡∂∂ ‡∂Ø‡∑ê‡∂ö‡∂Ω‡∑è ‡∂∂‡∂∫ ‡∑Ä‡∑î‡∂±‡∑è (‡∑Ñ‡∑ú‡∂ª‡∑î)
* ‡∂ö‡∑í‡∂∏‡∑ä‡∂∂‡∂ß ‡∂Ö‡∑É‡∂±‡∑ì‡∂¥‡∂∫‡∑í.
* ‡∂ö‡∑í‡∂∏‡∑ä‡∂∂ ‡∂±‡∑ë‡∑Ä‡∑î‡∑Ä‡∂Ø ?
* ‡∂ö‡∑í‡∂∏‡∑ä‡∂∂ ‡∂≠‡∑ô‡∂≠‡∂∫‡∑í
* ‡∂ö‡∑í‡∂∏‡∑ä‡∂∂ ‡∂Ö‡∂≠‡∂ú‡∑è‡∂±‡∑Ä‡∂ß ‡∂ö‡∑ê‡∂∏‡∂≠‡∑ì.
* ‡∂ö‡∑í‡∂∏‡∑ä‡∂∂ ‡∑Ñ‡∑î‡∂ª‡∂≠‡∂Ω‡∑ä... https://t.co/bKuCSbp20J",False,"[0, 276]","{'hashtags': [], 'symbols': [], 'user_mentions': [], 'urls': [{'url': 'https://t.co/bKuCSbp20J', 'expanded_url': 'https://www.facebook.com/100001708898993/posts/2077502542316689/', 'display_url': 'facebook.com/10000170889899‚Ä¶', 'indices': [253, 276]}]}","<a href=""http://www.facebook.com/twitter"" rel=""nofollow"">Facebook</a>",,,,,,151640285,151640285,,,,,False,0,0,0,0,1.0796529998432E+018,1.0796529998432E+018,False,False,si,,,False,True,,,,,,1
74,1.27234586961074E+018,Mon Jun 15 01:51:09 +0000 2020,1.27234586961074E+018,1.27234586961074E+018,"‡∂ú‡∑Ñ‡∂±‡∑ä‡∂© ‡∂≠‡∑í‡∂∫‡∑ô‡∂± ‡∂ö‡∑í‡∂∏‡∑ä‡∂∂‡∂ß ‡∑Ä‡∑ê‡∂≥ ‡∑Ä‡∑ê‡∂≥ ‡∂ú‡∑Ñ‡∂±‡∑ä‡∂©‡∂≠‡∑ä ‡∂ë‡∂¥‡∑è,‡∂ú‡∂ú‡∑Ñ ‡∑Ä‡∂≥‡∑í‡∂±‡∑ä‡∂©‡∂≠‡∑ä ‡∂ë‡∂¥‡∑è,‡∂∂‡∂©‡∑î‡∑Ä‡∑ô ‡∂∂‡∑ê‡∂∫‡∑í‡∂±‡∂Ç ‡∂¥‡∑î‡∂ö‡∑ö ‡∑Ñ‡∑í‡∂Ω‡∂≠‡∑ä ‡∂Ö‡∑Ä‡∑î‡∂Ω‡∂ö‡∑ä‡∂∏ ‡∂±‡∑ë
‡∂∏‡∑ú‡∂ö ‡∂∂‡∑ê‡∂ª‡∑í‡∑Ä‡∑î‡∂±‡∂≠‡∑ä ‡∂ö‡∑í‡∂∏‡∑ä‡∂∂‡∂ö‡∑ä ‡∑Ñ‡∑í‡∂±‡∑ä‡∂Ø ‡∂Ø‡∑í‡∑Ä‡∑í ‡∂±‡∑Ñ‡∂ú‡∂±‡∑ä‡∂©‡∂±‡∂Ç ‡∂ë‡∂¥‡∑è.‡∂¥‡∑í‡∂ª‡∑í‡∂∏‡∑í ‡∂ö‡∂∏‡∂ß‡∂≠‡∑ä ‡∂Ω‡∑ê‡∂¢‡∑ä‡∂¢‡∂∫‡∑í. ‡∂≠‡∑ñ ‡∂±‡∑ú‡∂Ø‡∂ö‡∑í‡∂Ç.‡∂ö‡∑í‡∂∏‡∑ä‡∂∂ ‡∂Ø‡∑ö‡∑Ä‡∑è‡∂Ω‡∂∫‡∂ö‡∑ä ‡∂±‡∑ô‡∂∏‡∑ö.‡∂Ø‡∑ö‡∑Ä‡∑è‡∂Ω‡∂∫‡∂ö‡∑ä ‡∑Ä‡∂ú‡∑ö ‡∂¥‡∑ö‡∂±‡∑ä‡∂±‡∑ô ‡∂¥‡∑ú‡∂±‡∑ä‡∂±‡∂∫‡∑í‡∂±‡∑ä‡∂ß‡∂∏ ‡∂≠‡∂∏‡∂∫‡∑í.‡∂ï‡∂±‡∂±‡∂Ç ‡∑Ñ‡∑í‡∂ö‡∑î‡∑Ä ‡∂±‡∑ê‡∂≠‡∑ä‡∂≠‡∂Ç ‡∂±‡∑í‡∂ö‡∑è ‡∑Ñ‡∑í‡∂ß‡∑í‡∂∫‡∑è.. https://t.co/6xIdmzntx6",False,"[0, 257]","{'hashtags': [], 'symbols': [], 'user_mentions': [], 'urls': [], 'media': [{'id': 1272345841546563585, 'id_str': '1272345841546563585', 'indices': [258, 281], 'media_url': 'http://pbs.twimg.com/ext_tw_video_thumb/1272345841546563585/pu/img/zAQ8ALx4HbMu28wU.jpg', 'media_url_https': 'https://pbs.twimg.com/ext_tw_video_thumb/1272345841546563585/pu/img/zAQ8ALx4HbMu28wU.jpg', 'url': 'https://t.co/6xIdmzntx6', 'display_url': 'pic.twitter.com/6xIdmzntx6', 'expanded_url': 'https://twitter.com/MadhushanHeath/status/1272345869610741760/video/1', 'type': 'photo', 'original_info': {'width': 226, 'height': 400}, 'sizes': {'thumb': {'w': 150, 'h': 150, 'resize': 'crop'}, 'medium': {'w': 226, 'h': 400, 'resize': 'fit'}, 'large': {'w': 226, 'h': 400, 'resize': 'fit'}, 'small': {'w': 226, 'h': 400, 'resize': 'fit'}}, 'features': {}}]}","<a href=""http://twitter.com/download/iphone"" rel=""nofollow"">Twitter for iPhone</a>",,,,,,8.56125788189479E+017,8.56125788189479E+017,,,,,False,0,6,0,0,1.27234586961074E+018,1.27234586961074E+018,False,False,si,,"{'media': [{'id': 1272345841546563585, 'id_str': '1272345841546563585', 'indices': [258, 281], 'media_url': 'http://pbs.twimg.com/ext_tw_video_thumb/1272345841546563585/pu/img/zAQ8ALx4HbMu28wU.jpg', 'media_url_https': 'https://pbs.twimg.com/ext_tw_video_thumb/1272345841546563585/pu/img/zAQ8ALx4HbMu28wU.jpg', 'url': 'https://t.co/6xIdmzntx6', 'display_url': 'pic.twitter.com/6xIdmzntx6', 'expanded_url': 'https://twitter.com/MadhushanHeath/status/1272345869610741760/video/1', 'type': 'video', 'original_info': {'width': 226, 'height': 400}, 'sizes': {'thumb': {'w': 150, 'h': 150, 'resize': 'crop'}, 'medium': {'w': 226, 'h': 400, 'resize': 'fit'}, 'large': {'w': 226, 'h': 400, 'resize': 'fit'}, 'small': {'w': 226, 'h': 400, 'resize': 'fit'}}, 'video_info': {'aspect_ratio': [113, 200], 'duration_millis': 15101, 'variants': [{'content_type': 'application/x-mpegURL', 'url': 'https://video.twimg.com/ext_tw_video/1272345841546563585/pu/pl/MiPjQDX9BXqqos73.m3u8?tag=10'}, {'bitrate': 632000, 'content_type': 'video/mp4', 'url': 'https://video.twimg.com/ext_tw_video/1272345841546563585/pu/vid/226x400/MtmbQkMn4YhwmjfT.mp4?tag=10'}]}, 'features': {}, 'media_key': '7_1272345841546563585', 'ext_alt_text': None, 'ext_media_color': {'palette': [{'rgb': {'red': 161, 'green': 161, 'blue': 171}, 'percentage': 97.84}, {'rgb': {'red': 113, 'green': 95, 'blue': 95}, 'percentage': 2.02}]}, 'ext_media_availability': {'status': 'available'}, 'ext': {'mediaStats': {'r': {'ok': {'viewCount': '186'}}, 'ttl': -1}}, 'additional_media_info': {'monetizable': False}}]}",False,True,,,,,,1
