,Unnamed: 0,created_at,id,id_str,full_text,truncated,display_text_range,entities,source,in_reply_to_status_id,in_reply_to_status_id_str,in_reply_to_user_id,in_reply_to_user_id_str,in_reply_to_screen_name,user_id,user_id_str,geo,coordinates,place,contributors,is_quote_status,retweet_count,favorite_count,reply_count,quote_count,conversation_id,conversation_id_str,favorited,retweeted,possibly_sensitive,possibly_sensitive_editable,card,lang,supplemental_language,quoted_status_id,quoted_status_id_str,quoted_status_permalink,extended_entities,self_thread,label
1,1.38832562980908E+018,Sat May 01 02:53:18 +0000 2021,1.38832562980908E+018,1.38832562980908E+018,@Thish_D ‡∂â‡∑É‡∑ä‡∂¥‡∂Ç‡∂†‡∑í‡∂∫‡∑è üòÇ,False,"[9, 20]","{'hashtags': [], 'symbols': [], 'user_mentions': [{'screen_name': 'Thish_D', 'name': '‡∂¥‡∂ª‡∑è‡∂ª‡∑ä‡∂≠‡∂ö‡∑è‡∂∏‡∑ì ‡∂ö‡∂ª‡∑î‡∂´‡∑è‡∑Ä‡∂±‡∑ä‡∂≠ ‡∂∫‡∑è‡∂Ω‡∑î‡∑Ä‡∑è', 'id': 623929922, 'id_str': '623929922', 'indices': [0, 8]}], 'urls': []}","<a href=""http://twitter.com/download/iphone"" rel=""nofollow"">Twitter for iPhone</a>",1.38832506711791E+018,1.38832506711791E+018,623929922,623929922,Thish_D,480050024,480050024,,,,,False,0,0,1,0,1.38832297673987E+018,1.38832297673987E+018,False,False,,,,si,,,,,,,0
2,1.38848903787952E+018,Sat May 01 13:42:38 +0000 2021,1.38848903787952E+018,1.38848903787952E+018,‡∂â‡∂±‡∑ä‡∂± ‡∂≠‡∑ê‡∂± ‡∂ª‡∑ô‡∂Ø‡∑í ‡∂ú‡∂Ω‡∑ù‡∂±‡∑Ä‡∑è ‡∂±‡∂∏‡∑ä ‡∂å ‡∂≠‡∂∏‡∑è ‡∑Ñ‡∑ú‡∂Ø‡∂∏ ‡∂∫‡∑è‡∂Ω‡∑î‡∑Ä‡∑è üòå‚ù§Ô∏è,False,"[0, 46]","{'hashtags': [], 'symbols': [], 'user_mentions': [], 'urls': []}","<a href=""http://twitter.com/download/android"" rel=""nofollow"">Twitter for Android</a>",,,,,,1.37924724578297E+018,1.37924724578297E+018,,,,,True,0,1,0,0,1.38848903787952E+018,1.38848903787952E+018,False,False,,,,si,,1.38848215590328E+018,1.38848215590328E+018,"{'url': 'https://t.co/PnElzvHIMI', 'expanded': 'https://twitter.com/Thush_Bro/status/1388482155903275009', 'display': 'twitter.com/Thush_Bro/stat‚Ä¶'}",,,0
3,1.38836996393777E+018,Sat May 01 05:49:28 +0000 2021,1.38836996393777E+018,1.38836996393777E+018,"@TropicalNuri ‡∑Ñ‡∑ú‡∂≥‡∂ß ‡∂≠‡∑í‡∂∂‡∑ä‡∂∂ ‡∂ª‡∂ß‡∂ö‡∑ä, ‡∂ã‡∂π ‡∑Ä‡∑ê‡∂ß‡∑í‡∂†‡∑ä‡∂† ‡∂≠‡∑ê‡∂±‡∂ö‡∑ä ü•≤",False,"[14, 49]","{'hashtags': [], 'symbols': [], 'user_mentions': [{'screen_name': 'TropicalNuri', 'name': 'Nuri', 'id': 940934855507845121, 'id_str': '940934855507845121', 'indices': [0, 13]}], 'urls': []}","<a href=""http://twitter.com/download/iphone"" rel=""nofollow"">Twitter for iPhone</a>",1.38836339011698E+018,1.38836339011698E+018,9.40934855507845E+017,9.40934855507845E+017,TropicalNuri,623929922,623929922,,,,,False,0,1,1,0,1.38836339011698E+018,1.38836339011698E+018,False,False,,,,si,,,,,,,0
4,1.38836147904535E+018,Sat May 01 05:15:45 +0000 2021,1.38836147904535E+018,1.38836147904535E+018,"@nandanamihindu ‡∂î‡∂∫‡∑è‡∂ú‡∑ö ‡∂Ö‡∂∏‡∑ä‡∂∏‡∂ß‡∂∫‡∑í , ‡∂≠‡∑è‡∂≠‡∑ä‡∂≠‡∂ß‡∂∫‡∑í ‡∑É‡∑ä‡∂≠‡∑ñ‡∂≠‡∑í ‡∂ö‡∂ª‡∂±‡∑ä‡∂± üôÇ . ‡∂ö‡∑ê‡∂∏‡∑ä‡∂¥‡∑É‡∑ä ‡∂ë‡∂ö‡∑ö ‡∂∫‡∑è‡∂Ω‡∑î‡∑Ä‡∑ô‡∂ö‡∑ä ‡∑Ä‡∑ô‡∂±‡∑î‡∑Ä‡∑ô‡∂±‡∑ä ‡∂î‡∑Ñ‡∑ú‡∂∏ ‡∑Ñ‡∑í‡∂ß‡∑í‡∂∫‡∑è . Assignment ‡∂ú‡∑ú‡∂©‡∂ö‡∑ä ‡∂≠‡∑í‡∂∂‡∑î‡∂±‡∑è deadline ‡∑Ä‡∑ê‡∂ß‡∑í‡∂Ω‡∑è . ‡∂í‡∂≠‡∑ä ‡∂í ‡∂∫‡∑è‡∂Ω‡∑î‡∑Ä‡∑è ‡∑Ä‡∑ô‡∂±‡∑î‡∑Ä‡∑ô‡∂±‡∑ä‡∂∏ ‡∑É‡∂≠‡∑í‡∂∫‡∂ö‡∑ä ‡∂ö‡∑ê‡∂ö‡∑í‡∂ª‡∑è‡∑Ä‡∑ö . ‡∂Ö‡∑Ä‡∑É‡∂±‡∑ä ‡∂ö‡∂ß‡∂∫‡∑î‡∂≠‡∑î ‡∂â‡∑Ä‡∂ª‡∑Ä‡∑î‡∂± ‡∂Ø‡∑Ä‡∑É‡∑ö ‡∑Ñ‡∑Ä‡∑É ‡∂Ö‡∂±‡∑î‡∂ª‡∑è‡∂∞‡∂¥‡∑î‡∂ª‡∂∫ ‡∂∂‡∑É‡∑ä ‡∑É‡∑ä‡∂ß‡∑ë‡∂±‡∑ä‡∂©‡∑ä ‡∂ë‡∂ö‡∂ß ‡∂á‡∑Ä‡∑í‡∂≠‡∑ä ‡∂ö‡∑ú‡∑Ö‡∂π‡∂ß ‡∂Ü‡∑Ä‡∑è üôÇ . #‡∂∏‡∂±‡∑î‡∑É‡∑ä‡∑É‡∂ö‡∂∏ .",False,"[16, 273]","{'hashtags': [{'text': '‡∂∏‡∂±‡∑î‡∑É‡∑ä‡∑É‡∂ö‡∂∏', 'indices': [262, 271]}], 'symbols': [], 'user_mentions': [{'screen_name': 'nandanamihindu', 'name': '…≥Œ±…≥‘ÉŒ±…≥Œ± (‡∂±‡∂±‡∑ä‡∂Ø‡∂±) üá±üá∞ üá™üá∏ üá∫üá≤', 'id': 15287607, 'id_str': '15287607', 'indices': [0, 15]}], 'urls': []}","<a href=""http://twitter.com/download/android"" rel=""nofollow"">Twitter for Android</a>",1.38832955907501E+018,1.38832955907501E+018,15287607,15287607,nandanamihindu,212784092,212784092,,,,,False,0,14,0,0,1.38832955907501E+018,1.38832955907501E+018,False,False,,,,si,,,,,,,0
6,1.38982478910413E+018,Wed May 05 06:10:26 +0000 2021,1.38982478910413E+018,1.38982478910413E+018,"‡∂±‡∑í‡∑Ñ‡∂≠‡∂∏‡∑è‡∂±‡∑ì ‡∑Å‡∑ä‚Äç‡∂ª‡∑ì ‡∂Ω‡∑è‡∂Ç‡∂ö‡∑í‡∂ö‡∂∫‡∑è!
‡∂∂‡∑î‡∂Ø‡∑î‡∑É‡∂ª‡∂±‡∂∫‡∑í ‡∂ö‡∑í‡∂∫‡∑è‡∂ú‡∑ô‡∂± ‡∂∏‡∑è‡∂ª ‡∂Ø‡∑ö‡∑Å‡∂¥‡∑ä‚Äç‡∂ª‡∑ö‡∂∫‡∂ö‡∑ä ‡∂¥‡∑ô‡∂±‡∑ä‡∂±‡∂ú‡∑ô‡∂± ‡∂ª‡∑ö‡∑É‡∑í‡∂Ç ‡∂ö‡∑è‡∂ª‡∑ä ‡∂Ö‡∂∫‡∑í‡∂∫‡∑è ‡∂ú‡∑ê‡∂± ‡∂¢‡∑è‡∂¥‡∂±‡∑ö ‡∂ë‡∑Ä‡∑î‡∂±‡∑ä ‡∑Ñ‡∑ú‡∂≥‡∂ß ‡∂Ø‡∂±‡∑ä‡∂±‡∑Ä‡∑è! ‡∑Ü‡∑ö‡∑É‡∑ä‡∂∂‡∑î‡∂ö‡∑ä ‡∂ë‡∂ö‡∑ö  ‡∂≠‡∂∏‡∂±‡∑ä‡∂ú‡∑ô ‡∂ö‡∑è‡∂ª‡∑ä ‡∂ë‡∂ö‡∑ö ‡∂Ω‡∂Ç‡∂ö‡∑è ‡∂ö‡∑ú‡∂©‡∑í‡∂∫‡∑ä ‡∂ú‡∑Ñ‡∂ú‡∑ô‡∂± ‡∂Ö‡∑Ñ‡∑í‡∂Ç‡∑É‡∂ö ‡∑Ä‡∑í‡∂Ø‡∑í‡∑Ñ‡∂ß ‡∂±‡∑í‡∑Ñ‡∂≠‡∂∏‡∑è‡∂±‡∑ì‡∂ö‡∂∏ ‡∂¥‡∑ô‡∂±‡∑ä‡∂±‡∂ú‡∑ô‡∂± ‡∂â‡∂±‡∑ä‡∂±‡∑ô ‡∂â‡∂≠‡∑í‡∂±‡∑ä ‡∂Ω‡∑ù‡∂ö ‡∑Ñ‡∑ú‡∂ª‡∑ô‡∂ö‡∑ä ‡∂≠‡∂∏‡∑è! ‡∂Ö‡∂¥‡∑í ‡∂±‡∑ú‡∂Ø‡∂±‡∑ä‡∂± ‡∂±‡∑í‡∑Ñ‡∂≠‡∂∏‡∑è‡∂±‡∑ì ‡∂Ø‡∑ö‡∑Å‡∂¥‡∑ä‚Äç‡∂ª‡∑ö‡∂∏‡∑ì ‡∂ª‡∑ö‡∑É‡∑í‡∂Ç ‡∂Ö‡∂∫‡∑í‡∂∫‡∑è ‡∂Ö‡∂±‡∑ö",False,"[0, 270]","{'hashtags': [], 'symbols': [], 'user_mentions': [], 'urls': []}","<a href=""http://twitter.com/download/iphone"" rel=""nofollow"">Twitter for iPhone</a>",,,,,,189878124,189878124,,,,,True,9,26,12,0,1.38982478910413E+018,1.38982478910413E+018,False,False,,,,si,,1.38980819975102E+018,1.38980819975102E+018,"{'url': 'https://t.co/DtYblafLq8', 'expanded': 'https://twitter.com/prasadjsen/status/1389808199751016449', 'display': 'twitter.com/prasadjsen/sta‚Ä¶'}",,,0
7,1.38942311607023E+018,Tue May 04 03:34:19 +0000 2021,1.38942311607023E+018,1.38942311607023E+018,@donweer7 ‡∂∏‡∂ß ‡∂∏‡∑ú‡∂±‡∂∏ ‡∑Ñ‡∑ö‡∂≠‡∑î‡∑Ä‡∂ö‡∑ä ‡∂±‡∑í‡∑É‡∑è‡∑Ä‡∂≠‡∑ä ‡∂∏‡∂ú‡∑ö ‡∑Ñ‡∑ú‡∂≥‡∂∏ ‡∂∫‡∑è‡∂Ω‡∑î‡∑Ä‡∑è ‡∂±‡∑ê‡∂≠‡∑í ‡∂ö‡∂ª‡∂ú‡∂±‡∑ä‡∂± ‡∂ï‡∂± ‡∂±‡∑ê‡∂≠‡∑í ‡∂±‡∑í‡∑É‡∑è...,False,"[10, 77]","{'hashtags': [], 'symbols': [], 'user_mentions': [{'screen_name': 'donweer7', 'name': 'DonWeer', 'id': 70366634, 'id_str': '70366634', 'indices': [0, 9]}], 'urls': []}","<a href=""http://twitter.com/download/android"" rel=""nofollow"">Twitter for Android</a>",1.38942168413899E+018,1.38942168413899E+018,70366634,70366634,donweer7,9.7321268300782E+017,9.7321268300782E+017,,,,,False,0,2,1,0,1.38942101803326E+018,1.38942101803326E+018,False,False,,,,si,,,,,,,0
14,1.38835097957416E+018,Sat May 01 04:34:02 +0000 2021,1.38835097957416E+018,1.38835097957416E+018,@25ShadesOfBrown @NightWingzzz @maalupaan ‡∑Ä‡∑ô‡∂©‡∑í‡∂∏ zoom ‡∂ú‡∂≠‡∑ä‡∂≠ ‡∂ö‡∑í‡∂∫‡∂∏‡∑î‡∂ö‡∑ú. ‡∂â‡∂≠‡∑î‡∂ª‡∑î ‡∑Ä‡∑ê‡∂© ‡∂ß‡∑í‡∂ö? üëÄ,False,"[42, 83]","{'hashtags': [], 'symbols': [], 'user_mentions': [{'screen_name': '25ShadesOfBrown', 'name': 'chichi·•´·≠°üá®üá¶', 'id': 480050024, 'id_str': '480050024', 'indices': [0, 16]}, {'screen_name': 'NightWingzzz', 'name': 'Nightwing¬Æüá±üá∞', 'id': 2369956382, 'id_str': '2369956382', 'indices': [17, 30]}, {'screen_name': 'maalupaan', 'name': 'Jerry üá±üá∞', 'id': 4632654077, 'id_str': '4632654077', 'indices': [31, 41]}], 'urls': []}","<a href=""http://twitter.com/download/iphone"" rel=""nofollow"">Twitter for iPhone</a>",1.38835065811027E+018,1.38835065811027E+018,480050024,480050024,25ShadesOfBrown,623929922,623929922,,,,,False,0,0,1,0,1.38834444036063E+018,1.38834444036063E+018,False,False,,,,si,,,,,,,0
15,1.38840737436543E+018,Sat May 01 08:18:08 +0000 2021,1.38840737436543E+018,1.38840737436543E+018,‡∂¢‡∑è‡∂≠‡∑í‡∂ö ‡∂ú‡∑ì‡∂∫ aka ‡∂Ö‡∑Ñ‡∑É ‡∂ú‡∑î‡∂ú‡∑î‡∂ª‡∑è,False,"[0, 24]","{'hashtags': [], 'symbols': [], 'user_mentions': [], 'urls': []}","<a href=""http://twitter.com/download/iphone"" rel=""nofollow"">Twitter for iPhone</a>",,,,,,623929922,623929922,,,,,True,2,8,1,0,1.38840737436543E+018,1.38840737436543E+018,False,False,,,,si,,1.38820599549974E+018,1.38820599549974E+018,"{'url': 'https://t.co/ASXkBLFtku', 'expanded': 'https://twitter.com/_oshadhee_/status/1388205995499741185', 'display': 'twitter.com/_oshadhee_/sta‚Ä¶'}",,,0
16,1.38835002720291E+018,Sat May 01 04:30:15 +0000 2021,1.38835002720291E+018,1.38835002720291E+018,@maalupaan @NightWingzzz @25ShadesOfBrown ‡∂Ω‡∑ê‡∂¢‡∑ä‡∂¢‡∂∫‡∑í ü•≤,False,"[42, 51]","{'hashtags': [], 'symbols': [], 'user_mentions': [{'screen_name': 'maalupaan', 'name': 'Jerry üá±üá∞', 'id': 4632654077, 'id_str': '4632654077', 'indices': [0, 10]}, {'screen_name': 'NightWingzzz', 'name': 'Nightwing¬Æüá±üá∞', 'id': 2369956382, 'id_str': '2369956382', 'indices': [11, 24]}, {'screen_name': '25ShadesOfBrown', 'name': 'chichi·•´·≠°üá®üá¶', 'id': 480050024, 'id_str': '480050024', 'indices': [25, 41]}], 'urls': []}","<a href=""http://twitter.com/download/iphone"" rel=""nofollow"">Twitter for iPhone</a>",1.38834679750914E+018,1.38834679750914E+018,4632654077,4632654077,maalupaan,623929922,623929922,,,,,False,0,1,1,0,1.38834444036063E+018,1.38834444036063E+018,False,False,,,,si,,,,,,,0
17,1.38835130920449E+018,Sat May 01 04:35:21 +0000 2021,1.38835130920449E+018,1.38835130920449E+018,@uruzikal ‡∂∏‡∑ô‡∂Ω‡∂©‡∑í‡∂∫ ‡∂ß‡∑ú‡∂¥‡∑ä. ‡∂Ω‡∑í‡∂ª‡∑í‡∂ö‡∑ä‡∑É‡∑ä ‡∂ß‡∑í‡∂ö ‡∑É‡∑ô‡∂ß‡∑ä ‡∂±‡∑ë,False,"[10, 43]","{'hashtags': [], 'symbols': [], 'user_mentions': [{'screen_name': 'uruzikal', 'name': '‡∂ª‡∑î üá±üá∞', 'id': 1057457915777507329, 'id_str': '1057457915777507329', 'indices': [0, 9]}], 'urls': []}","<a href=""http://twitter.com/download/iphone"" rel=""nofollow"">Twitter for iPhone</a>",1.38835032285942E+018,1.38835032285942E+018,1.05745791577751E+018,1.05745791577751E+018,uruzikal,623929922,623929922,,,,,False,0,2,0,0,1.38835032285942E+018,1.38835032285942E+018,False,False,,,,si,,,,,,,0
19,1.38813011244124E+018,Fri Apr 30 13:56:23 +0000 2021,1.38813011244124E+018,1.38813011244124E+018,@iam_AStr ‡∂∫‡∑è‡∂Ω‡∑î‡∑Ä‡∑è üòã,False,"[10, 18]","{'hashtags': [], 'symbols': [], 'user_mentions': [{'screen_name': 'iam_AStr', 'name': '‚í∂‚ìà‚ì£‚ì°‚ìê „ÉÑ', 'id': 1299197195032252417, 'id_str': '1299197195032252417', 'indices': [0, 9]}], 'urls': []}","<a href=""http://twitter.com/download/android"" rel=""nofollow"">Twitter for Android</a>",1.38812981570263E+018,1.38812981570263E+018,1.29919719503225E+018,1.29919719503225E+018,iam_AStr,70366634,70366634,,,,,False,0,2,1,0,1.38810190960554E+018,1.38810190960554E+018,False,False,,,,si,,,,,,,0
20,1.38835083420379E+018,Sat May 01 04:33:27 +0000 2021,1.38835083420379E+018,1.38835083420379E+018,@25ShadesOfBrown ‡∂á‡∂≠‡∑í ‡∂±‡∑ö‡∂Ø üòÇ,False,"[17, 26]","{'hashtags': [], 'symbols': [], 'user_mentions': [{'screen_name': '25ShadesOfBrown', 'name': 'chichi·•´·≠°üá®üá¶', 'id': 480050024, 'id_str': '480050024', 'indices': [0, 16]}], 'urls': []}","<a href=""http://twitter.com/download/iphone"" rel=""nofollow"">Twitter for iPhone</a>",1.38834842521371E+018,1.38834842521371E+018,480050024,480050024,25ShadesOfBrown,623929922,623929922,,,,,False,0,1,1,0,1.38834587213237E+018,1.38834587213237E+018,False,False,,,,si,,,,,,,0
21,1.38818643960775E+018,Fri Apr 30 17:40:13 +0000 2021,1.38818643960775E+018,1.38818643960775E+018,@Pushpe_ ‡∑Ä‡∑è‡∑Ñ‡∂±‡∑ö ‡∂∏‡∑ú‡∂ö‡∂Ø‡∑ä‡∂Ø ‡∂∫‡∑è‡∂Ω‡∑î‡∑Ä‡∑è?,False,"[9, 29]","{'hashtags': [], 'symbols': [], 'user_mentions': [{'screen_name': 'Pushpe_', 'name': 'Pushpe', 'id': 1334831674933137411, 'id_str': '1334831674933137411', 'indices': [0, 8]}], 'urls': []}","<a href=""http://twitter.com/download/android"" rel=""nofollow"">Twitter for Android</a>",1.38807032838394E+018,1.38807032838394E+018,1.33483167493314E+018,1.33483167493314E+018,Pushpe_,2925554527,2925554527,,,,,False,0,1,1,0,1.38807032838394E+018,1.38807032838394E+018,False,False,,,,si,,,,,,,0
22,1.38946251783592E+018,Tue May 04 06:10:53 +0000 2021,1.38946251783592E+018,1.38946251783592E+018,@lahirunirmala @NightWingzzz @AmIsoSweet ‡∂¥‡∂ß‡∂±‡∑ä ‡∂ú‡∂±‡∑ä‡∂± ‡∂Ω‡∂∫‡∑í‡∂∫ ‡∂ö‡∑ô‡∂Ω‡∑Ä‡∂ª‡∂ö ‡∂â‡∂≥‡∂Ç üòÇ,False,"[41, 68]","{'hashtags': [], 'symbols': [], 'user_mentions': [{'screen_name': 'lahirunirmala', 'name': 'Hiru', 'id': 33105446, 'id_str': '33105446', 'indices': [0, 14]}, {'screen_name': 'NightWingzzz', 'name': 'Nightwing¬Æüá±üá∞', 'id': 2369956382, 'id_str': '2369956382', 'indices': [15, 28]}, {'screen_name': 'AmIsoSweet', 'name': 'Dinal', 'id': 429624563, 'id_str': '429624563', 'indices': [29, 40]}], 'urls': []}","<a href=""http://twitter.com/download/iphone"" rel=""nofollow"">Twitter for iPhone</a>",1.38946023167187E+018,1.38946023167187E+018,33105446,33105446,lahirunirmala,623929922,623929922,,,,,False,0,0,1,0,1.38945139885346E+018,1.38945139885346E+018,False,False,,,,si,,,,,,,0
24,1.38777292908622E+018,Thu Apr 29 14:17:04 +0000 2021,1.38777292908622E+018,1.38777292908622E+018,@dil_jayarathne ‡∂∂‡∑ô‡∂Ω‡∑ä‡∂Ω ‡∂≠‡∑í‡∂∫‡∂∏‡∑î ‡∂Ø‡∂Ç‡∂ú‡∑ô‡∂©‡∑í‡∂∫‡∂ß,False,"[16, 36]","{'hashtags': [], 'symbols': [], 'user_mentions': [{'screen_name': 'dil_jayarathne', 'name': '‚ö∞Ô∏è√∏¬§‚ò†Ô∏è€©üëπÔ∏è‡∂á‡∂ß ‡∂ö‡∂ß‡∑î‡∑É‡∑äüëπÔ∏è€©‚ò†Ô∏è√∏¬§‚ö∞Ô∏è', 'id': 1058556126566875137, 'id_str': '1058556126566875137', 'indices': [0, 15]}], 'urls': []}","<a href=""http://twitter.com/download/iphone"" rel=""nofollow"">Twitter for iPhone</a>",1.38777277619973E+018,1.38777277619973E+018,1.05855612656688E+018,1.05855612656688E+018,dil_jayarathne,623929922,623929922,,,,,False,0,0,1,0,1.38777252840016E+018,1.38777252840016E+018,False,False,,,,si,,,,,,,0
26,1.38782416502603E+018,Thu Apr 29 17:40:40 +0000 2021,1.38782416502603E+018,1.38782416502603E+018,‡∂∏‡∂ú‡∑ö ‡∂∫‡∑è‡∂Ω‡∑î‡∑Ä‡∑è https://t.co/M88MmcQ5S3,False,"[0, 10]","{'hashtags': [], 'symbols': [], 'user_mentions': [], 'urls': [], 'media': [{'id': 1387824146768297985, 'id_str': '1387824146768297985', 'indices': [11, 34], 'media_url': 'http://pbs.twimg.com/media/E0KKtV7VgAEcjJ-.jpg', 'media_url_https': 'https://pbs.twimg.com/media/E0KKtV7VgAEcjJ-.jpg', 'url': 'https://t.co/M88MmcQ5S3', 'display_url': 'pic.twitter.com/M88MmcQ5S3', 'expanded_url': 'https://twitter.com/Maheer_abhishek/status/1387824165026029570/photo/1', 'type': 'photo', 'original_info': {'width': 640, 'height': 800, 'focus_rects': [{'x': 0, 'y': 442, 'h': 358, 'w': 640}, {'x': 0, 'y': 160, 'h': 640, 'w': 640}, {'x': 0, 'y': 70, 'h': 730, 'w': 640}, {'x': 240, 'y': 0, 'h': 800, 'w': 400}, {'x': 0, 'y': 0, 'h': 800, 'w': 640}]}, 'sizes': {'small': {'w': 544, 'h': 680, 'resize': 'fit'}, 'thumb': {'w': 150, 'h': 150, 'resize': 'crop'}, 'medium': {'w': 640, 'h': 800, 'resize': 'fit'}, 'large': {'w': 640, 'h': 800, 'resize': 'fit'}}, 'features': {'small': {'faces': []}, 'medium': {'faces': []}, 'orig': {'faces': []}, 'large': {'faces': []}}}]}","<a href=""http://twitter.com/download/iphone"" rel=""nofollow"">Twitter for iPhone</a>",,,,,,1.34518895492501E+018,1.34518895492501E+018,,,,,False,0,4,0,0,1.38782416502603E+018,1.38782416502603E+018,False,False,False,True,,si,,,,,"{'media': [{'id': 1387824146768297985, 'id_str': '1387824146768297985', 'indices': [11, 34], 'media_url': 'http://pbs.twimg.com/media/E0KKtV7VgAEcjJ-.jpg', 'media_url_https': 'https://pbs.twimg.com/media/E0KKtV7VgAEcjJ-.jpg', 'url': 'https://t.co/M88MmcQ5S3', 'display_url': 'pic.twitter.com/M88MmcQ5S3', 'expanded_url': 'https://twitter.com/Maheer_abhishek/status/1387824165026029570/photo/1', 'type': 'photo', 'original_info': {'width': 640, 'height': 800, 'focus_rects': [{'x': 0, 'y': 442, 'h': 358, 'w': 640}, {'x': 0, 'y': 160, 'h': 640, 'w': 640}, {'x': 0, 'y': 70, 'h': 730, 'w': 640}, {'x': 240, 'y': 0, 'h': 800, 'w': 400}, {'x': 0, 'y': 0, 'h': 800, 'w': 640}]}, 'sizes': {'small': {'w': 544, 'h': 680, 'resize': 'fit'}, 'thumb': {'w': 150, 'h': 150, 'resize': 'crop'}, 'medium': {'w': 640, 'h': 800, 'resize': 'fit'}, 'large': {'w': 640, 'h': 800, 'resize': 'fit'}}, 'features': {'small': {'faces': []}, 'medium': {'faces': []}, 'orig': {'faces': []}, 'large': {'faces': []}}, 'media_key': '3_1387824146768297985', 'ext_alt_text': None, 'ext_media_availability': {'status': 'available'}, 'ext_media_color': {'palette': [{'rgb': {'red': 223, 'green': 237, 'blue': 205}, 'percentage': 48.12}, {'rgb': {'red': 218, 'green': 170, 'blue': 27}, 'percentage': 26.91}, {'rgb': {'red': 4, 'green': 13, 'blue': 51}, 'percentage': 14.51}, {'rgb': {'red': 0, 'green': 0, 'blue': 67}, 'percentage': 4.07}, {'rgb': {'red': 52, 'green': 69, 'blue': 82}, 'percentage': 1.75}]}, 'ext': {'mediaStats': {'r': 'Missing', 'ttl': -1}}}]}",,0
27,1.38834679750914E+018,Sat May 01 04:17:25 +0000 2021,1.38834679750914E+018,1.38834679750914E+018,@NightWingzzz @Thish_D @25ShadesOfBrown ‡∂∏‡∑ú‡∂ö‡∂Ø ‡∂ö‡∑í‡∂∫‡∂±‡∑ä‡∂±‡∑ô ‡∑Ä‡∑ô‡∂©‡∑í‡∂∏ ‡∂ö‡∂ª‡∂Ω‡∑è damuthee,False,"[40, 72]","{'hashtags': [], 'symbols': [], 'user_mentions': [{'screen_name': 'NightWingzzz', 'name': 'Nightwing¬Æüá±üá∞', 'id': 2369956382, 'id_str': '2369956382', 'indices': [0, 13]}, {'screen_name': 'Thish_D', 'name': '‡∂¥‡∂ª‡∑è‡∂ª‡∑ä‡∂≠‡∂ö‡∑è‡∂∏‡∑ì ‡∂ö‡∂ª‡∑î‡∂´‡∑è‡∑Ä‡∂±‡∑ä‡∂≠ ‡∂∫‡∑è‡∂Ω‡∑î‡∑Ä‡∑è', 'id': 623929922, 'id_str': '623929922', 'indices': [14, 22]}, {'screen_name': '25ShadesOfBrown', 'name': 'chichi·•´·≠°üá®üá¶', 'id': 480050024, 'id_str': '480050024', 'indices': [23, 39]}], 'urls': []}","<a href=""http://twitter.com/download/android"" rel=""nofollow"">Twitter for Android</a>",1.38834633041047E+018,1.38834633041047E+018,2369956382,2369956382,NightWingzzz,4632654077,4632654077,,,,,False,0,0,2,0,1.38834444036063E+018,1.38834444036063E+018,False,False,,,,si,,,,,,,0
30,1.38954213468928E+018,Tue May 04 11:27:16 +0000 2021,1.38954213468928E+018,1.38954213468928E+018,Ex ‡∂Ø‡∑ê‡∂±‡∑ä ‡∂∏‡∑ú‡∂±‡∑Ä‡∑è ‡∂ö‡∂ª‡∂±‡∑Ä‡∑è ‡∂á‡∂Ø‡∑ä‡∂Ø..ü•¥,False,"[0, 27]","{'hashtags': [], 'symbols': [], 'user_mentions': [], 'urls': []}","<a href=""http://twitter.com/download/android"" rel=""nofollow"">Twitter for Android</a>",,,,,,1.17701155406948E+018,1.17701155406948E+018,,,,,False,0,12,3,0,1.38954213468928E+018,1.38954213468928E+018,False,False,,,,si,,,,,,,0
32,1.38990769521867E+018,Wed May 05 11:39:52 +0000 2021,1.38990769521867E+018,1.38990769521867E+018,"@MaheshNegombo ‡∂∏‡∂ú‡∑ö ‡∂∫‡∑è‡∂Ω‡∑î‡∑Ä‡∑ô‡∂ö‡∑ä 24 ‡∑Ä‡∑ô‡∂±‡∑í‡∂Ø‡∑è ‡∂Ω‡∂Ç‡∂ö‡∑è‡∑Ä‡∂ß ‡∂Ü‡∑Ä. ‡∂í ‡∂Ö‡∂∫‡∑í‡∂∫‡∂≠‡∑ä ‡∂©‡∑î‡∂∂‡∑è‡∂∫‡∑í ‡∂â‡∂Ø‡∂Ç ‡∂ë‡∂∏‡∑í‡∂ª‡∑ö‡∂ß‡∑ä‡∑É‡∑ä ‡∑Ü‡∂Ω‡∂∫‡∑í‡∂ß‡∑ä ‡∂ë‡∂ö‡∑ö‡∂∏ ‡∂Ü‡∑Ä‡∂Ω‡∑î. ‡∂ë‡∂∫‡∑è‡∂ª‡∑ä‡∂¥‡∑ù‡∂ª‡∑ä‡∂ß‡∑ä ‡∂ë‡∂ö‡∑ö‡∂Ø‡∑í ‡∂ë‡∂∫‡∑è ‡∂≠‡∂∏‡∂±‡∑ä‡∂ú‡∑ö ‡∑Ä‡∑è‡∑Ñ‡∂±‡∑ö ‡∂±‡∑ê‡∂ú‡∂Ω‡∑è ‡∂∫‡∂Ø‡∑ä‡∂Ø‡∑í ‡∂∏‡∂ú‡∑ö ‡∂∫‡∑è‡∂Ω‡∑î‡∑Ä‡∑è ‡∂∂‡∑É‡∑ä ‡∂ë‡∂ö‡∑ö ‡∂±‡∑ê‡∂ú‡∂Ω‡∑è ‡∂ö‡∑ú‡∂ª‡∂±‡∑ä‡∂ß‡∂∫‡∑í‡∂±‡∑ä ‡∑Ä‡∑ô‡∂±‡∑ä‡∂± ‡∑Ñ‡∑ù‡∂ß‡∂Ω‡∑ö‡∂ß ‡∂Ü‡∑Ä‡∑è ‡∂ö‡∑í‡∂∫‡∂Ω‡∑è ‡∂∫‡∑è‡∂Ω‡∑î‡∑Ä‡∑è ‡∂∏‡∑è ‡∂ë‡∂ö‡∑ä‡∂ö ‡∂ö‡∑í‡∑Ä‡∑ä‡∑Ä‡∑è 

‡∂∏‡∑ö‡∂ö ‡∂Ø‡∑ê‡∂ö‡∑ä‡∂ö‡∂∏ ‡∂í ‡∂ö‡∂≠‡∑è‡∑Ä ‡∂∏‡∂≠‡∂ö‡∑ä ‡∂ã‡∂±‡∑è..",False,"[15, 255]","{'hashtags': [], 'symbols': [], 'user_mentions': [{'screen_name': 'MaheshNegombo', 'name': 'Mahesh (‡∂∏‡∂∫‡∑í‡∂∫‡∑è)', 'id': 189878124, 'id_str': '189878124', 'indices': [0, 14]}], 'urls': []}","<a href=""http://twitter.com/download/iphone"" rel=""nofollow"">Twitter for iPhone</a>",1.38982478910413E+018,1.38982478910413E+018,189878124,189878124,MaheshNegombo,1.07276598446802E+018,1.07276598446802E+018,,,"{'id': '173c2bb9d42baaa5', 'url': 'https://api.twitter.com/1.1/geo/id/173c2bb9d42baaa5.json', 'place_type': 'country', 'name': 'Sri Lanka', 'full_name': 'Sri Lanka', 'country_code': 'LK', 'country': 'Sri Lanka', 'contained_within': [], 'bounding_box': {'type': 'Polygon', 'coordinates': [[[79.6505263, 5.9213829], [81.8787816, 5.9213829], [81.8787816, 9.8359375], [79.6505263, 9.8359375]]]}, 'attributes': {}}",,False,0,1,0,0,1.38982478910413E+018,1.38982478910413E+018,False,False,,,,si,,,,,,,0
34,1.38920551457627E+018,Mon May 03 13:09:39 +0000 2021,1.38920551457627E+018,1.38920551457627E+018,@ExcuzeMiii ‡∂Ü‡∂Ø‡∂ª‡∑ô‡∂∫‡∑ì üòå‚ù§Ô∏è,False,"[12, 22]","{'hashtags': [], 'symbols': [], 'user_mentions': [{'screen_name': 'ExcuzeMiii', 'name': 'Hamza Haniffa', 'id': 4867064842, 'id_str': '4867064842', 'indices': [0, 11]}], 'urls': []}","<a href=""http://twitter.com/download/iphone"" rel=""nofollow"">Twitter for iPhone</a>",1.38917339181544E+018,1.38917339181544E+018,4867064842,4867064842,ExcuzeMiii,623929922,623929922,,,,,False,0,0,0,0,1.38917233881857E+018,1.38917233881857E+018,False,False,,,,si,,,,,,,0
35,1.38895051362281E+018,Sun May 02 20:16:22 +0000 2021,1.38895051362281E+018,1.38895051362281E+018,"‡∑É‡∑í‡∂≠ ‡∂±‡∑î‡∂π ‡∑Ñ‡∑è ‡∑Ñ‡∑ê‡∂∏‡∂Ø‡∑è ‡∂ª‡∑ê‡∂≥‡∑î‡∂±‡∑è
‡∂Ü‡∂Ø‡∂ª‡∑ô‡∂±‡∑ä",False,"[0, 30]","{'hashtags': [], 'symbols': [], 'user_mentions': [], 'urls': []}","<a href=""http://twitter.com/download/iphone"" rel=""nofollow"">Twitter for iPhone</a>",,,,,,623929922,623929922,,,,,False,1,5,0,0,1.38895051362281E+018,1.38895051362281E+018,False,False,,,,si,,,,,,,0
36,1.38769741370873E+018,Thu Apr 29 09:17:00 +0000 2021,1.38769741370873E+018,1.38769741370873E+018,"‡∂î‡∂∫‡∑è ‡∂∏‡∂ú‡∑ö ‡∂ö‡∑í‡∂∫‡∂Ω‡∑è ‡∂ö‡∑ô‡∂±‡∑ô‡∂ö‡∑ä ‡∂≠‡∑ù‡∂ª‡∂ú‡∂≠‡∑ä‡∂≠‡∑è ‡∂Ø‡∑è ‡∂â‡∂Ø‡∂±‡∑ä, ‡∂î‡∂∫‡∑è‡∂ú‡∑ô ‡∑Ñ‡∑ú‡∂Ø‡∂∏ ‡∂∫‡∑è‡∂Ω‡∑î‡∑Ä‡∑è ‡∑Ä‡∑ô‡∂±‡∑ä‡∂± ‡∂¥‡∑î‡∂Ω‡∑î‡∑Ä‡∂±‡∑ä ‡∂±‡∑ê‡∂≠‡∑ä‡∂±‡∂∏‡∑ä ‡∂â‡∂≠‡∑í‡∂Ç ‡∑Ä‡∑ô‡∂±‡∑í‡∂±‡∑ä ‡∂ö‡∑ô‡∂±‡∑ô‡∂ö‡∑ä ‡∑Ñ‡∂ª‡∑í üòåüòÇ, ‡∂∏‡∑ö ‡∂ö‡∑Ä‡∑ä‡∂ª‡∑î ‡∂ã‡∂±‡∂≠‡∑ä ‡∂î‡∂∫‡∑è‡∂ß ‡∂î‡∂∫‡∑è‡∂ú‡∑ö‡∂∏ ‡∂±‡∑ú‡∑Ä‡∑ô‡∂±‡∑Ä‡∑è ‡∂±‡∂∏‡∑ä ‡∂í ‡∑É‡∂∏‡∑ä‡∂∂‡∂±‡∑ä‡∂ö‡∂∏‡∑ä ‡∑Ä‡∂Ω‡∂Ø‡∑í ‡∂î‡∂∫‡∑è ‡∂Ö‡∂±‡∑í‡∂ö‡∑ä ‡∂ö‡∑ô‡∂±‡∑è ‡∂ú‡∑ê‡∂± ‡∑Ä‡∑ê‡∂©‡∑í‡∂∫ ‡∑Ñ‡∑í‡∂≠‡∂±‡∑ä‡∂±...‡∑Ñ‡∑ú‡∂∫‡∂±‡∑ä‡∂± ‡∂∂‡∂Ω‡∂±‡∑ä‡∂± ‡∂∫‡∂±‡∑ä‡∂± ‡∂ë‡∂¥‡∑è üò¥ ‡∂∏‡∑ú‡∂ö‡∂Ø ‡∂î‡∂∫‡∑è‡∂ß ‡∂í ‡∂ö‡∑ô‡∂±‡∑è‡∂∏ ‡∂Ø‡∑Ä‡∑É‡∂ö ‡∂Ω‡∑É‡∑ä‡∑É‡∂±‡∂ß ‡∂ª‡∑í‡∂Ø‡∑ô‡∂±‡∑ä‡∂± ‡∑Ä‡∑ê‡∂© ‡∂ö‡∂ª‡∂±‡∑Ä‡∑è üòè.",False,"[0, 269]","{'hashtags': [], 'symbols': [], 'user_mentions': [], 'urls': []}","<a href=""http://twitter.com/download/android"" rel=""nofollow"">Twitter for Android</a>",,,,,,1.27488268583652E+018,1.27488268583652E+018,,,,,True,0,1,0,0,1.38769741370873E+018,1.38769741370873E+018,False,False,,,,si,,1.38520911022897E+018,1.38520911022897E+018,"{'url': 'https://t.co/kaQemqBO3n', 'expanded': 'https://twitter.com/Diliyaa_/status/1385209110228967426', 'display': 'twitter.com/Diliyaa_/statu‚Ä¶'}",,,0
37,1.38834572851525E+018,Sat May 01 04:13:10 +0000 2021,1.38834572851525E+018,1.38834572851525E+018,@25ShadesOfBrown @NightWingzzz ‡∂î‡∂∫‡∑è ‡∂∂‡∑ñ‡∂ª‡∑î‡∑Ä‡∑ô‡∂ö‡∑ä ‡∂∏‡∂Ç ‡∂∏‡∂ö‡∂ª‡∑ô‡∂ö‡∑ä. ‡∂Ö‡∂¥‡∑ö ‡∑É‡∂∏‡∑ä‡∂∂‡∂±‡∑ä‡∂Ø‡∑ô‡∂ß ‡∂ú‡∑ô‡∑Ä‡∂Ω‡∑ä ‡∑Ä‡∂Ω‡∑í‡∂±‡∑ä ‡∂ã‡∂±‡∂≠‡∑ä ‡∂ö‡∑ê‡∂∏‡∂≠‡∑í ‡∑Ä‡∑ô‡∂± ‡∂ë‡∂ö‡∂ö‡∑ä ‡∂±‡∑ë ü•≤,False,"[31, 105]","{'hashtags': [], 'symbols': [], 'user_mentions': [{'screen_name': '25ShadesOfBrown', 'name': 'chichi·•´·≠°üá®üá¶', 'id': 480050024, 'id_str': '480050024', 'indices': [0, 16]}, {'screen_name': 'NightWingzzz', 'name': 'Nightwing¬Æüá±üá∞', 'id': 2369956382, 'id_str': '2369956382', 'indices': [17, 30]}], 'urls': []}","<a href=""http://twitter.com/download/iphone"" rel=""nofollow"">Twitter for iPhone</a>",1.38834546135919E+018,1.38834546135919E+018,480050024,480050024,25ShadesOfBrown,623929922,623929922,,,,,False,0,0,1,0,1.38834444036063E+018,1.38834444036063E+018,False,False,,,,si,,,,,,,0
40,1.38767467754431E+018,Thu Apr 29 07:46:39 +0000 2021,1.38767467754431E+018,1.38767467754431E+018,@Sudumameduvada ‡∂∏‡∂ß‡∂≠‡∑ä ‡∂Ø‡∑î‡∂ö‡∂∫‡∑í ‡∂∂‡∑ä‚Äç‡∂ª‡∑ù. ‡∂ë‡∑ä‡∂≠‡∑ä ‡∑Ñ‡∑í‡∂≠ ‡∑Ñ‡∂Ø‡∂±‡∑ä ‡∂â‡∂±‡∑ä‡∂±‡∑ô. üòå,False,"[16, 56]","{'hashtags': [], 'symbols': [], 'user_mentions': [{'screen_name': 'Sudumameduvada', 'name': '‡∑É‡∑î‡∂Ø‡∑î ‡∂∏‡∑è‡∂∏‡∑ö ‡∂Ø‡∑î‡∑Ä ‡∂Ø‡∑ô‡∂±‡∑Ä‡∂Ø', 'id': 3759972254, 'id_str': '3759972254', 'indices': [0, 15]}], 'urls': []}","<a href=""https://mobile.twitter.com"" rel=""nofollow"">Twitter Web App</a>",1.38767406403509E+018,1.38767406403509E+018,3759972254,3759972254,Sudumameduvada,9.11206472956223E+017,9.11206472956223E+017,,,,,False,0,1,1,0,1.38490283957575E+018,1.38490283957575E+018,False,False,,,,si,,,,,,,0
41,1.3889155233169E+018,Sun May 02 17:57:20 +0000 2021,1.3889155233169E+018,1.3889155233169E+018,@maalupaan ‡∂¥‡∂ö‡∂∫‡∑è,False,"[11, 15]","{'hashtags': [], 'symbols': [], 'user_mentions': [{'screen_name': 'maalupaan', 'name': 'Jerry üá±üá∞', 'id': 4632654077, 'id_str': '4632654077', 'indices': [0, 10]}], 'urls': []}","<a href=""http://twitter.com/download/iphone"" rel=""nofollow"">Twitter for iPhone</a>",1.38885855754673E+018,1.38885855754673E+018,4632654077,4632654077,maalupaan,623929922,623929922,,,,,False,0,0,0,0,1.38885855754673E+018,1.38885855754673E+018,False,False,,,,si,,,,,,,0
42,1.3877871330631E+018,Thu Apr 29 15:13:31 +0000 2021,1.3877871330631E+018,1.3877871330631E+018,‡∂Ö‡∂©‡∑ù ‡∂∏‡∂Ç ‡∂ö‡∑í‡∂∫‡∂±‡∑Ä‡∂ß ‡∂Ö‡∂ª ‡∂∂‡∂Ω‡∑ä‡∂Ω‡∂ú‡∑ô ‡∂Ö‡∂ö‡∑Ä‡∑î‡∂±‡∑ä‡∂ß‡∑ä ‡∂ë‡∂ö‡∂ß ‡∂ú‡∑í‡∑Ñ‡∑í‡∂±‡∑ä ‡∂ã‡∂ú‡∑ô media ‡∂∂‡∂Ω‡∂¥‡∂±‡∑ä‡∂ö‡∑ù üòÇ ‡∂¥‡∑Ä‡∑ä ‡∑Ñ‡∑î‡∂≠‡∑ä‡∂≠‡∑ú ‡∂Ö‡∑Ñ‡∑í‡∂±‡∑ä‡∑É‡∂ö ‡∂ö‡∑ú‡∂Ω‡∑ä‡∂Ω‡∑ú ‡∂ö‡∑ô‡∂Ω‡∑ä‡∂Ω‡∑ú ‡∑Ñ‡∑í‡∂±‡∑ä‡∂Ø ‡∂∂‡∂Ω‡∑î ‡∑Ä‡∑ô‡∂± ‡∑Ñ‡∑ê‡∂ß‡∑í,False,"[0, 115]","{'hashtags': [], 'symbols': [], 'user_mentions': [], 'urls': []}","<a href=""http://twitter.com/download/android"" rel=""nofollow"">Twitter for Android</a>",,,,,,623929922,623929922,,,,,False,0,14,1,0,1.3877871330631E+018,1.3877871330631E+018,False,False,,,,si,,,,,,,1
44,1.38848215590328E+018,Sat May 01 13:15:17 +0000 2021,1.38848215590328E+018,1.38848215590328E+018,"‡∂á‡∑Ñ‡∑î‡∑Ä‡∑ú‡∂≠‡∑ä ‡∑Ü‡∑ä‚Äç‡∂ª‡∑ô‡∂±‡∑ä‡∂©‡∑ä ‡∑Ü‡∑ú‡∂ª‡∑ô‡∑Ä‡∂ª‡∑ä

‡∂ë‡∂≠‡∑ä ‡∂±‡∑ê‡∂≠‡∑í ‡∂≠‡∑ê‡∂± ‡∂ë‡∂ö ‡∂ë‡∂ö‡∑è‡∂ú‡∑ö ‡∂ª‡∑ô‡∂Ø‡∑í ‡∂ú‡∂Ω‡∑Ä‡∂±‡∑Ä‡∑è.
                    ü§≠üòÇüíîüòê",False,"[0, 86]","{'hashtags': [], 'symbols': [], 'user_mentions': [], 'urls': []}","<a href=""http://twitter.com/download/android"" rel=""nofollow"">Twitter for Android</a>",,,,,,1.04788357636715E+018,1.04788357636715E+018,,,,,False,0,35,0,1,1.38848215590328E+018,1.38848215590328E+018,False,False,,,,si,,,,,,,0
45,1.38917233881857E+018,Mon May 03 10:57:49 +0000 2021,1.38917233881857E+018,1.38917233881857E+018,‡∂∏‡∑ô‡∂±‡∑ô ‡∂¢‡∑í‡∑É‡∑ô ‡∂Ö‡∂∑‡∑í ‡∂Ö‡∂∑‡∑í ‡∂Ø‡∑ö‡∂ö‡∑è‡∂∫‡∑ö,False,"[0, 24]","{'hashtags': [], 'symbols': [], 'user_mentions': [], 'urls': []}","<a href=""http://twitter.com/download/iphone"" rel=""nofollow"">Twitter for iPhone</a>",,,,,,623929922,623929922,,,,,True,1,10,3,0,1.38917233881857E+018,1.38917233881857E+018,False,False,,,,si,,1.38917153155347E+018,1.38917153155347E+018,"{'url': 'https://t.co/0CEbWjo8gk', 'expanded': 'https://twitter.com/stranshad/status/1389171531553468417', 'display': 'twitter.com/stranshad/stat‚Ä¶'}",,,0
48,1.38949222595274E+018,Tue May 04 08:08:56 +0000 2021,1.38949222595274E+018,1.38949222595274E+018,@AmIsoSweet @Thish_D @NightWingzzz ‡∂î‡∂∫‡∂≠‡∑ä ‡∂±‡∑í‡∂ö‡∂±‡∑ä ‡∂ö‡∂∫‡∑í‡∂∫ ‡∂ú‡∑Ñ‡∂Ω‡∑è ‡∂¥‡∑É‡∑ä‡∑É‡∑ö ‡∑Ä‡∑í‡∂ö‡∑ä‡∂ß‡∑í‡∂∏‡∑ä ‡∂ö‡∑è‡∂ª‡∑ä‡∂©‡∑ä ‡∂ú‡∑Ñ‡∂±‡∑Ä‡∑è ‡∂±‡∑ö,False,"[35, 86]","{'hashtags': [], 'symbols': [], 'user_mentions': [{'screen_name': 'AmIsoSweet', 'name': 'Dinal', 'id': 429624563, 'id_str': '429624563', 'indices': [0, 11]}, {'screen_name': 'Thish_D', 'name': '‡∂¥‡∂ª‡∑è‡∂ª‡∑ä‡∂≠‡∂ö‡∑è‡∂∏‡∑ì ‡∂ö‡∂ª‡∑î‡∂´‡∑è‡∑Ä‡∂±‡∑ä‡∂≠ ‡∂∫‡∑è‡∂Ω‡∑î‡∑Ä‡∑è', 'id': 623929922, 'id_str': '623929922', 'indices': [12, 20]}, {'screen_name': 'NightWingzzz', 'name': 'Nightwing¬Æüá±üá∞', 'id': 2369956382, 'id_str': '2369956382', 'indices': [21, 34]}], 'urls': []}","<a href=""http://twitter.com/download/iphone"" rel=""nofollow"">Twitter for iPhone</a>",1.38946877337198E+018,1.38946877337198E+018,429624563,429624563,AmIsoSweet,33105446,33105446,,,,,False,0,0,1,0,1.38945139885346E+018,1.38945139885346E+018,False,False,,,,si,,,,,,,0
49,1.38777277619973E+018,Thu Apr 29 14:16:28 +0000 2021,1.38777277619973E+018,1.38777277619973E+018,@Thish_D ‡∂∂‡∑ô‡∂Ω‡∑ä‡∂Ω,False,"[9, 14]","{'hashtags': [], 'symbols': [], 'user_mentions': [{'screen_name': 'Thish_D', 'name': '‡∂¥‡∂ª‡∑è‡∂ª‡∑ä‡∂≠‡∂ö‡∑è‡∂∏‡∑ì ‡∂ö‡∂ª‡∑î‡∂´‡∑è‡∑Ä‡∂±‡∑ä‡∂≠ ‡∂∫‡∑è‡∂Ω‡∑î‡∑Ä‡∑è', 'id': 623929922, 'id_str': '623929922', 'indices': [0, 8]}], 'urls': []}","<a href=""http://twitter.com/download/android"" rel=""nofollow"">Twitter for Android</a>",1.38777252840016E+018,1.38777252840016E+018,623929922,623929922,Thish_D,1.05855612656688E+018,1.05855612656688E+018,,,,,False,0,0,1,0,1.38777252840016E+018,1.38777252840016E+018,False,False,,,,si,,,,,,,0
51,1.38946992667132E+018,Tue May 04 06:40:20 +0000 2021,1.38946992667132E+018,1.38946992667132E+018,@NightWingzzz ‡∑Ü‡∑ë‡∂±‡∑ä ‡∂ë‡∂ö‡∂ö‡∑ä ‡∂ú‡∂∏‡∑î‡∂≠‡∑ö,False,"[14, 29]","{'hashtags': [], 'symbols': [], 'user_mentions': [{'screen_name': 'NightWingzzz', 'name': 'Nightwing¬Æüá±üá∞', 'id': 2369956382, 'id_str': '2369956382', 'indices': [0, 13]}], 'urls': []}","<a href=""http://twitter.com/download/iphone"" rel=""nofollow"">Twitter for iPhone</a>",1.38946981501477E+018,1.38946981501477E+018,2369956382,2369956382,NightWingzzz,623929922,623929922,,,,,False,0,0,0,0,1.38946981501477E+018,1.38946981501477E+018,False,False,,,,si,,,,,,,0
52,1.38992051720169E+018,Wed May 05 12:30:49 +0000 2021,1.38992051720169E+018,1.38992051720169E+018,@dushnivi @Lovely_Paba @Tikiri_ @AmIsoSweet ‡∂¥‡∑ú‡∑É‡∑í‡∂ß‡∑í‡∑Ä‡∑ä ‡∑Ä‡∑ô‡∂Ω ‡∂Ω‡∑ú‡∂ö‡∑î‡∑Ä‡∂ß symptoms ‡∂±‡∑ê‡∂≠‡∑í ‡∂Ö‡∂∫ ‡∂≠‡∑è‡∂∏ ‡∂ú‡∑ô‡∑Ä‡∂Ω‡∑ä ‡∑Ä‡∂Ω ‡∂≠‡∑í‡∂∫‡∂Ω ‡∂≠‡∑í‡∂∫‡∑ô‡∂±‡∑Ä‡∑è. Because i know few people,False,"[44, 133]","{'hashtags': [], 'symbols': [], 'user_mentions': [{'screen_name': 'dushnivi', 'name': 'Dushanthi Niwarthana', 'id': 108509263, 'id_str': '108509263', 'indices': [0, 9]}, {'screen_name': 'Lovely_Paba', 'name': 'Fifty Shades Crazy', 'id': 128910982, 'id_str': '128910982', 'indices': [10, 22]}, {'screen_name': 'Tikiri_', 'name': 'Thamaru! üòè', 'id': 176651477, 'id_str': '176651477', 'indices': [23, 31]}, {'screen_name': 'AmIsoSweet', 'name': 'Dinal', 'id': 429624563, 'id_str': '429624563', 'indices': [32, 43]}], 'urls': []}","<a href=""http://twitter.com/download/iphone"" rel=""nofollow"">Twitter for iPhone</a>",1.38991510644465E+018,1.38991510644465E+018,108509263,108509263,dushnivi,623929922,623929922,,,,,False,0,0,0,0,1.38985345467636E+018,1.38985345467636E+018,False,False,,,,si,,,,,,,0
55,1.38947259909327E+018,Tue May 04 06:50:57 +0000 2021,1.38947259909327E+018,1.38947259909327E+018,@NightWingzzz @Imali_Wi ‡∂∫‡∑è‡∂Ω‡∑î‡∑Ä‡∑è ‡∂±‡∑ô‡∑Ä‡∑ô‡∂∫‡∑í ‡∂´‡∂∫‡∂ö‡∑è‡∂ª‡∂∫‡∑è üòÇ,False,"[24, 47]","{'hashtags': [], 'symbols': [], 'user_mentions': [{'screen_name': 'NightWingzzz', 'name': 'Nightwing¬Æüá±üá∞', 'id': 2369956382, 'id_str': '2369956382', 'indices': [0, 13]}, {'screen_name': 'Imali_Wi', 'name': 'I M A L I', 'id': 1216502361994276864, 'id_str': '1216502361994276864', 'indices': [14, 23]}], 'urls': []}","<a href=""https://mobile.twitter.com"" rel=""nofollow"">Twitter Web App</a>",1.38947215344423E+018,1.38947215344423E+018,2369956382,2369956382,NightWingzzz,2393877565,2393877565,,,,,False,0,1,0,0,1.38924997164849E+018,1.38924997164849E+018,False,False,,,,si,,,,,,,0
57,1.38877500502714E+018,Sun May 02 08:38:58 +0000 2021,1.38877500502714E+018,1.38877500502714E+018,"‡∂ß‡∂∫‡∑í‡∂ß‡∑ê‡∂±‡∑í‡∂ö‡∑ä ‡∂±‡∑ê‡∑Ä ‡∂ú‡∑í‡∂Ω‡∑î‡∂±‡∑ö ‡∂±‡∑ë
‡∂Ö‡∂∫‡∑í‡∑É‡∑ä ‡∂¥‡∂ª‡∂∫‡∂ö ‡∑Ñ‡∑ê‡∂¥‡∑î‡∂±‡∑ö ‡∂±‡∑ë

‡∑Ñ‡∑ê‡∂¥‡∑î‡∂±‡∑ä ‡∂±‡∑ê‡∂≠‡∑í ‡∑Ñ‡∑í‡∂±‡∑ä‡∂Ø‡∑è...
‡∂¢‡∑ê‡∂ö‡∑ä ‡∂ª‡∑ù‡∑É‡∑ä ‡∂∂‡∑ê‡∂±‡∑ä‡∂Ø‡∑è.!",False,"[0, 86]","{'hashtags': [], 'symbols': [], 'user_mentions': [], 'urls': []}","<a href=""http://twitter.com/download/android"" rel=""nofollow"">Twitter for Android</a>",,,,,,4632654077,4632654077,,,"{'id': '173c2bb9d42baaa5', 'url': 'https://api.twitter.com/1.1/geo/id/173c2bb9d42baaa5.json', 'place_type': 'country', 'name': 'Sri Lanka', 'full_name': 'Sri Lanka', 'country_code': 'LK', 'country': 'Sri Lanka', 'contained_within': [], 'bounding_box': {'type': 'Polygon', 'coordinates': [[[79.6505263, 5.9213829], [81.8787816, 5.9213829], [81.8787816, 9.8359375], [79.6505263, 9.8359375]]]}, 'attributes': {}}",,True,0,4,2,0,1.38877500502714E+018,1.38877500502714E+018,False,False,,,,si,,1.38873812327467E+018,1.38873812327467E+018,"{'url': 'https://t.co/iB1H07QC9P', 'expanded': 'https://twitter.com/iamgayash/status/1388738123274674179', 'display': 'twitter.com/iamgayash/stat‚Ä¶'}",,,0
58,1.38946023167187E+018,Tue May 04 06:01:48 +0000 2021,1.38946023167187E+018,1.38946023167187E+018,@NightWingzzz @AmIsoSweet @Thish_D ‡∑Ä‡∂≠‡∑ä ‡∂ß‡∑ê‡∂ú‡∑ä ‡∂ö‡∂Ω‡∑è,False,"[26, 47]","{'hashtags': [], 'symbols': [], 'user_mentions': [{'screen_name': 'NightWingzzz', 'name': 'Nightwing¬Æüá±üá∞', 'id': 2369956382, 'id_str': '2369956382', 'indices': [0, 13]}, {'screen_name': 'AmIsoSweet', 'name': 'Dinal', 'id': 429624563, 'id_str': '429624563', 'indices': [14, 25]}, {'screen_name': 'Thish_D', 'name': '‡∂¥‡∂ª‡∑è‡∂ª‡∑ä‡∂≠‡∂ö‡∑è‡∂∏‡∑ì ‡∂ö‡∂ª‡∑î‡∂´‡∑è‡∑Ä‡∂±‡∑ä‡∂≠ ‡∂∫‡∑è‡∂Ω‡∑î‡∑Ä‡∑è', 'id': 623929922, 'id_str': '623929922', 'indices': [26, 34]}], 'urls': []}","<a href=""http://twitter.com/download/iphone"" rel=""nofollow"">Twitter for iPhone</a>",1.38945188491463E+018,1.38945188491463E+018,2369956382,2369956382,NightWingzzz,33105446,33105446,,,,,False,0,1,1,0,1.38945139885346E+018,1.38945139885346E+018,False,False,,,,si,,,,,,,0
59,1.38918492524965E+018,Mon May 03 11:47:50 +0000 2021,1.38918492524965E+018,1.38918492524965E+018,@tweepiu ‡∂∫‡∑è‡∂Ω‡∑î‡∑Ä‡∑è ‡∂ú‡∑ö ‡∑Ä‡∂ö‡∑î‡∂ú‡∂©‡∑î ‡∂Ø‡∑ô‡∂ö ‡∑Ä‡∑í‡∂ö‡∑î‡∂´‡∂±‡∑ä‡∂± ‡∂â‡∂±‡∑ä‡∂± ‡∂∏‡∂∏ üòéüòÇ,False,"[9, 49]","{'hashtags': [], 'symbols': [], 'user_mentions': [{'screen_name': 'tweepiu', 'name': 'PIUMI üê•', 'id': 1342539998726299648, 'id_str': '1342539998726299648', 'indices': [0, 8]}], 'urls': []}","<a href=""http://twitter.com/download/android"" rel=""nofollow"">Twitter for Android</a>",1.38917830480504E+018,1.38917830480504E+018,1.3425399987263E+018,1.3425399987263E+018,tweepiu,1.27488268583652E+018,1.27488268583652E+018,,,,,False,0,1,1,0,1.38917830480504E+018,1.38917830480504E+018,False,False,,,,si,,,,,,,0
60,1.38984423696356E+018,Wed May 05 07:27:42 +0000 2021,1.38984423696356E+018,1.38984423696356E+018,"@AlwisInoka @ShayamikaM @nnalani1231 @Cats1st_ @mdpiyananda @Bandula07160007 @DjE6sRhJXFJIrCR @pdsiriwardana @KirbyslA @KMeeeaaow @deshanlasitha7 @H_S_KandyHamu @imVedda @blackaustralian @uruzikal @UdanaNadun @ceylonincolor @DulithK @Wasanth53468261 @ChabieHerath @KuwaitNjb @RanjitWickreme2 @officialunp @RW_UNP @anuradisanayake @GotabayaR @TDissnayaka @slppofficial @kRZyb137TROd7nL @8skcMWByyTnXuU3 @PivithuruHelaU @leaderslk @duplicatesiri @F3Il2LaKdgeaVUw @KaviSenu @wimalweerawansa @CharukaLive @TharunyataHetak @PortCityColombo @ParliamentLK @srilanka_police @sajithpremadasa ‡∂ë‡∂Ø‡∑è‡∂∏ ‡∂Ö‡∂¥‡∑í ‡∂ö‡∑ì‡∑Ä‡∑è. ‡∂ë‡∂∫‡∑è‡∂Ω‡∂ú‡∑ö ‡∂∫‡∑è‡∂Ω‡∑î‡∑Ä‡∑ô‡∂ö‡∑ä‡∂±‡∂∏‡∑ä ‡∂ï‡∑Ä‡∑è ‡∂Ü‡∂¥‡∑É‡∑î ‡∂∫‡∑Ä‡∂±‡∑Ä‡∑è ‡∂¥‡∑ú‡∂Ω‡∑ä ‡∂≠‡∑ô‡∂Ω‡∑ä ‡∂∫‡∑ê‡∑Ä‡∑ä‡∑Ä‡∑è ‡∑Ä‡∂ú‡∑ö! ‡∂á‡∂∫‡∑í ‡∂¥‡∑ú‡∂Ω‡∑ä‡∂≠‡∑ô‡∂Ω‡∑ä ‡∂∏‡∑ö ‡∑Ä‡∂ú‡∑ö ‡∑Ä‡∑í‡∂±‡∑è‡∑Å ‡∂±‡∑ú‡∂ö‡∂ª‡∑ö?????
‡∂ë‡∂∫‡∑è‡∂ú‡∑ö ‡∂∂‡∑ú‡∂ö‡∑ä‡∂ö‡∑ö ‡∂∫‡∑è‡∂Ω‡∑î‡∑Ä‡∑è ‡∂¥‡∑ú‡∂Ω‡∑è ‡∂í‡∂ö‡∂∫‡∑í.. ‡∂ö‡∑Ñ ‡∑Ä‡∑ô‡∂± ‡∂ë‡∂ö‡∑ô‡∂ö‡∑ä‡∂ú‡∑ö ‡∂í‡∂ö‡∂∫‡∑í.. ‡∂í‡∂ö‡∂∫‡∑í ‡∂ë‡∑Ñ‡∑ô‡∂∏ ‡∂ª‡∂ß‡∑ö ‡∂±‡∑ì‡∂≠‡∑í ‡∂Ø‡∑ô‡∂ö‡∂ö‡∑ä ‡∂≠‡∑í‡∂∫‡∑ô‡∂±‡∑Ä‡∑è.",False,"[583, 778]","{'hashtags': [], 'symbols': [], 'user_mentions': [{'screen_name': 'AlwisInoka', 'name': 'Inoka Karunaratne Alwis', 'id': 1250048900809007109, 'id_str': '1250048900809007109', 'indices': [0, 11]}, {'screen_name': 'ShayamikaM', 'name': 'Shyamika madhuranga', 'id': 1376102453402341377, 'id_str': '1376102453402341377', 'indices': [12, 23]}, {'screen_name': 'nnalani1231', 'name': 'nnalani123@gmail.com', 'id': 761881252131508224, 'id_str': '761881252131508224', 'indices': [24, 36]}, {'screen_name': 'Cats1st_', 'name': '·µó ∞·µâœ≤…ë‘µ.. M‚Ñ∞·éØ·éæ·èá ‡∂Ω‡∂∂‡∑è ‡∂ã‡∂¥‡∂±‡∑ä ‡∑Ñ‡∑ê‡∂ß‡∑í üç•', 'id': 1274005632203534338, 'id_str': '1274005632203534338', 'indices': [37, 46]}, {'screen_name': 'mdpiyananda', 'name': 'D.M.P.B.Esalapola', 'id': 2590913816, 'id_str': '2590913816', 'indices': [47, 59]}, {'screen_name': 'Bandula07160007', 'name': 'Bandula', 'id': 1328349125025345536, 'id_str': '1328349125025345536', 'indices': [60, 76]}, {'screen_name': 'DjE6sRhJXFJIrCR', 'name': '‡∑É‡∂Ø ‡∑É‡∑ú‡∂≠‡∑ä‡∂≠‡∑í', 'id': 1359739462662516739, 'id_str': '1359739462662516739', 'indices': [77, 93]}, {'screen_name': 'pdsiriwardana', 'name': 'Damith Siriwardana', 'id': 761217807870664708, 'id_str': '761217807870664708', 'indices': [94, 108]}, {'screen_name': 'KirbyslA', 'name': 'Anthony W', 'id': 847019233, 'id_str': '847019233', 'indices': [109, 118]}, {'screen_name': 'KMeeeaaow', 'name': ""K'at ‡∂Ø‡∑ô‡∂∫‡∑í‡∂∫‡∑ù"", 'id': 1332328656308297739, 'id_str': '1332328656308297739', 'indices': [119, 129]}, {'screen_name': 'deshanlasitha7', 'name': 'Deshan Lasitha S1', 'id': 1186566199569596416, 'id_str': '1186566199569596416', 'indices': [130, 145]}, {'screen_name': 'H_S_KandyHamu', 'name': '‡∑Ñ‡∑è.‡∑É‡∑ö ‡∂±‡∑î‡∑Ä‡∂ª ‡∑Ñ‡∑è‡∂∏‡∑î', 'id': 1242393816243429377, 'id_str': '1242393816243429377', 'indices': [146, 160]}, {'screen_name': 'imVedda', 'name': 'Vedda-‡∑Ä‡∑ê‡∂Ø‡∑ä‡∂Ø‡∑è¬Æ \U0001f9d4üèπ\U0001fa93üçó', 'id': 1342507944173314051, 'id_str': '1342507944173314051', 'indices': [161, 169]}, {'screen_name': 'blackaustralian', 'name': 'Sunil Govinnage, PhD', 'id': 183159390, 'id_str': '183159390', 'indices': [170, 186]}, {'screen_name': 'uruzikal', 'name': '‡∂ª‡∑î üá±üá∞', 'id': 1057457915777507329, 'id_str': '1057457915777507329', 'indices': [187, 196]}, {'screen_name': 'UdanaNadun', 'name': 'Nadun Udana Rajaguru üá±üá∞', 'id': 3326875423, 'id_str': '3326875423', 'indices': [197, 208]}, {'screen_name': 'ceylonincolor', 'name': 'Ceylon in Color', 'id': 1351887351455252481, 'id_str': '1351887351455252481', 'indices': [209, 223]}, {'screen_name': 'DulithK', 'name': 'Dulith Kasun (DK)', 'id': 55178704, 'id_str': '55178704', 'indices': [224, 232]}, {'screen_name': 'Wasanth53468261', 'name': 'Wasantha Perera', 'id': 1168509537831325696, 'id_str': '1168509537831325696', 'indices': [233, 249]}, {'screen_name': 'ChabieHerath', 'name': 'Chabie Herath', 'id': 1310235495054544896, 'id_str': '1310235495054544896', 'indices': [250, 263]}, {'screen_name': 'KuwaitNjb', 'name': 'Njb Sri Lanka (Kuwait )', 'id': 1336752658129022980, 'id_str': '1336752658129022980', 'indices': [264, 274]}, {'screen_name': 'RanjitWickreme2', 'name': 'Ranjit Wickremeratne', 'id': 1061247386289197062, 'id_str': '1061247386289197062', 'indices': [275, 291]}, {'screen_name': 'officialunp', 'name': 'UNP', 'id': 785344686, 'id_str': '785344686', 'indices': [292, 304]}, {'screen_name': 'RW_UNP', 'name': 'Ranil Wickremesinghe', 'id': 2913830408, 'id_str': '2913830408', 'indices': [305, 312]}, {'screen_name': 'anuradisanayake', 'name': 'Anura Kumara Dissanayake', 'id': 2549159352, 'id_str': '2549159352', 'indices': [313, 329]}, {'screen_name': 'GotabayaR', 'name': 'Gotabaya Rajapaksa', 'id': 3191855185, 'id_str': '3191855185', 'indices': [330, 340]}, {'screen_name': 'TDissnayaka', 'name': '‡∑Ä‡∑ì‡∑É‡∑èüëÄ‚ù§', 'id': 1294115813067128832, 'id_str': '1294115813067128832', 'indices': [341, 353]}, {'screen_name': 'slppofficial', 'name': '‡∑Å‡∑ä\u200d‡∂ª‡∑ì ‡∂Ω‡∂Ç‡∂ö‡∑è ‡∂¥‡∑ú‡∂Ø‡∑î‡∂¢‡∂± ‡∂¥‡∑ô‡∂ª‡∂∏‡∑î‡∂´', 'id': 944981419897638912, 'id_str': '944981419897638912', 'indices': [354, 367]}, {'screen_name': 'kRZyb137TROd7nL', 'name': '‡∑Å‡∑ä\u200d‡∂ª‡∑í ‡∂Ω‡∂Ç‡∂ö‡∑è ‡∂¥‡∑ú‡∂Ø‡∑î‡∂¢‡∂± ‡∂≠‡∂ª‡∑î‡∂´ ‡∂¥‡∑ô‡∂ª‡∂∏‡∑î‡∂´-‡∑Ä‡∂Ω‡∂¥‡∂±‡∑ö', 'id': 1199910352617500673, 'id_str': '1199910352617500673', 'indices': [368, 384]}, {'screen_name': '8skcMWByyTnXuU3', 'name': '‡∂±‡∑ú‡∂≥‡∑í ‡∑É‡∑ô‡∂±\u200b ‡∑Ñ‡∑î‡∂≠‡∑ù‡∂∑‡∂∫ (‡∂â‡∂î‡∂∏‡∂ú‡∑ô ‡∑Ñ‡∑î‡∂Æ‡∑ú)', 'id': 1351370776188866564, 'id_str': '1351370776188866564', 'indices': [385, 401]}, {'screen_name': 'PivithuruHelaU', 'name': '‡∂¥‡∑í‡∑Ä‡∑í‡∂≠‡∑î‡∂ª‡∑î ‡∑Ñ‡∑ô‡∑Ö ‡∂ã‡∂ª‡∑î‡∂∏‡∂∫', 'id': 1022554991406399489, 'id_str': '1022554991406399489', 'indices': [402, 417]}, {'screen_name': 'leaderslk', 'name': '‡∂≠‡∂ª‡∑î‡∂´‡∂∫‡∑è‡∂ß ‡∂ª‡∂ß ‡∂∑‡∑è‡∂ª ‡∂Ø‡∑ô‡∂∏‡∑î', 'id': 1127253426423902208, 'id_str': '1127253426423902208', 'indices': [418, 428]}, {'screen_name': 'duplicatesiri', 'name': '‡∂í ‡∂Ü‡∂ª‡∑ä ‡∑É‡∑í‡∂ª‡∑í‡∑É‡∑ö‡∂±', 'id': 1170970905117437952, 'id_str': '1170970905117437952', 'indices': [429, 443]}, {'screen_name': 'F3Il2LaKdgeaVUw', 'name': '‡∑É‡∂Ø‡∂±‡∑ä ‡∂ö‡∑î‡∂∏‡∂ª', 'id': 1369975679006117897, 'id_str': '1369975679006117897', 'indices': [444, 460]}, {'screen_name': 'KaviSenu', 'name': 'Senu_Kavi', 'id': 1344196765440991237, 'id_str': '1344196765440991237', 'indices': [461, 470]}, {'screen_name': 'wimalweerawansa', 'name': 'Wimal Weerawansa', 'id': 112602476, 'id_str': '112602476', 'indices': [471, 487]}, {'screen_name': 'CharukaLive', 'name': '‡∂ª‡∑è‡∑É‡∑ä‡∂¥‡∑î‡∂ß‡∑í‡∂±‡∑ä | Rasputin', 'id': 1245643406493093889, 'id_str': '1245643406493093889', 'indices': [488, 500]}, {'screen_name': 'TharunyataHetak', 'name': 'Tharunyata Hetak', 'id': 2989646225, 'id_str': '2989646225', 'indices': [501, 517]}, {'screen_name': 'PortCityColombo', 'name': 'Port City Colombo', 'id': 3099595903, 'id_str': '3099595903', 'indices': [518, 534]}, {'screen_name': 'ParliamentLK', 'name': 'Parliament of Sri Lanka', 'id': 1595096221, 'id_str': '1595096221', 'indices': [535, 548]}, {'screen_name': 'srilanka_police', 'name': 'Sri Lanka Police', 'id': 971738052, 'id_str': '971738052', 'indices': [549, 565]}, {'screen_name': 'sajithpremadasa', 'name': 'Sajith Premadasa', 'id': 106014897, 'id_str': '106014897', 'indices': [566, 582]}], 'urls': []}","<a href=""http://twitter.com/download/iphone"" rel=""nofollow"">Twitter for iPhone</a>",1.38984326917834E+018,1.38984326917834E+018,1.25004890080901E+018,1.25004890080901E+018,AlwisInoka,1.36072368184095E+018,1.36072368184095E+018,,,,,False,0,1,1,0,1.38008589725368E+018,1.38008589725368E+018,False,False,,,,si,,,,,,,0
61,1.38922520273155E+018,Mon May 03 14:27:53 +0000 2021,1.38922520273155E+018,1.38922520273155E+018,"Life is very short ‡∂∫‡∑è‡∂Ω‡∑î‡∑Ä‡∑è,Always be happy üå∏ https://t.co/IAJzu0Vs60",False,"[0, 43]","{'hashtags': [], 'symbols': [], 'user_mentions': [], 'urls': [], 'media': [{'id': 1389225161958641672, 'id_str': '1389225161958641672', 'indices': [44, 67], 'media_url': 'http://pbs.twimg.com/media/E0eE7KOUUAgtyNB.jpg', 'media_url_https': 'https://pbs.twimg.com/media/E0eE7KOUUAgtyNB.jpg', 'url': 'https://t.co/IAJzu0Vs60', 'display_url': 'pic.twitter.com/IAJzu0Vs60', 'expanded_url': 'https://twitter.com/Iam_Sanjula/status/1389225202731552768/photo/1', 'type': 'photo', 'original_info': {'width': 1024, 'height': 768, 'focus_rects': [{'x': 0, 'y': 46, 'h': 573, 'w': 1024}, {'x': 0, 'y': 0, 'h': 768, 'w': 768}, {'x': 0, 'y': 0, 'h': 768, 'w': 674}, {'x': 89, 'y': 0, 'h': 768, 'w': 384}, {'x': 0, 'y': 0, 'h': 768, 'w': 1024}]}, 'sizes': {'thumb': {'w': 150, 'h': 150, 'resize': 'crop'}, 'large': {'w': 1024, 'h': 768, 'resize': 'fit'}, 'medium': {'w': 1024, 'h': 768, 'resize': 'fit'}, 'small': {'w': 680, 'h': 510, 'resize': 'fit'}}, 'features': {'large': {'faces': [{'x': 236, 'y': 678, 'h': 38, 'w': 38}, {'x': 299, 'y': 631, 'h': 84, 'w': 84}]}, 'medium': {'faces': [{'x': 236, 'y': 678, 'h': 38, 'w': 38}, {'x': 299, 'y': 631, 'h': 84, 'w': 84}]}, 'orig': {'faces': [{'x': 236, 'y': 678, 'h': 38, 'w': 38}, {'x': 299, 'y': 631, 'h': 84, 'w': 84}]}, 'small': {'faces': [{'x': 156, 'y': 450, 'h': 25, 'w': 25}, {'x': 198, 'y': 419, 'h': 55, 'w': 55}]}}}]}","<a href=""http://twitter.com/download/android"" rel=""nofollow"">Twitter for Android</a>",,,,,,1.37924724578297E+018,1.37924724578297E+018,,,,,False,0,4,2,0,1.38922520273155E+018,1.38922520273155E+018,False,False,False,True,,en,,,,,"{'media': [{'id': 1389225161958641672, 'id_str': '1389225161958641672', 'indices': [44, 67], 'media_url': 'http://pbs.twimg.com/media/E0eE7KOUUAgtyNB.jpg', 'media_url_https': 'https://pbs.twimg.com/media/E0eE7KOUUAgtyNB.jpg', 'url': 'https://t.co/IAJzu0Vs60', 'display_url': 'pic.twitter.com/IAJzu0Vs60', 'expanded_url': 'https://twitter.com/Iam_Sanjula/status/1389225202731552768/photo/1', 'type': 'photo', 'original_info': {'width': 1024, 'height': 768, 'focus_rects': [{'x': 0, 'y': 46, 'h': 573, 'w': 1024}, {'x': 0, 'y': 0, 'h': 768, 'w': 768}, {'x': 0, 'y': 0, 'h': 768, 'w': 674}, {'x': 89, 'y': 0, 'h': 768, 'w': 384}, {'x': 0, 'y': 0, 'h': 768, 'w': 1024}]}, 'sizes': {'thumb': {'w': 150, 'h': 150, 'resize': 'crop'}, 'large': {'w': 1024, 'h': 768, 'resize': 'fit'}, 'medium': {'w': 1024, 'h': 768, 'resize': 'fit'}, 'small': {'w': 680, 'h': 510, 'resize': 'fit'}}, 'features': {'large': {'faces': [{'x': 236, 'y': 678, 'h': 38, 'w': 38}, {'x': 299, 'y': 631, 'h': 84, 'w': 84}]}, 'medium': {'faces': [{'x': 236, 'y': 678, 'h': 38, 'w': 38}, {'x': 299, 'y': 631, 'h': 84, 'w': 84}]}, 'orig': {'faces': [{'x': 236, 'y': 678, 'h': 38, 'w': 38}, {'x': 299, 'y': 631, 'h': 84, 'w': 84}]}, 'small': {'faces': [{'x': 156, 'y': 450, 'h': 25, 'w': 25}, {'x': 198, 'y': 419, 'h': 55, 'w': 55}]}}, 'media_key': '3_1389225161958641672', 'ext_alt_text': None, 'ext_media_availability': {'status': 'available'}, 'ext_media_color': {'palette': [{'rgb': {'red': 160, 'green': 161, 'blue': 153}, 'percentage': 31.67}, {'rgb': {'red': 104, 'green': 105, 'blue': 99}, 'percentage': 27.79}, {'rgb': {'red': 146, 'green': 201, 'blue': 144}, 'percentage': 12.82}, {'rgb': {'red': 212, 'green': 163, 'blue': 149}, 'percentage': 7.8}, {'rgb': {'red': 27, 'green': 32, 'blue': 36}, 'percentage': 2.99}]}, 'ext': {'mediaStats': {'r': 'Missing', 'ttl': -1}}}]}",,0
62,1.38991510644465E+018,Wed May 05 12:09:19 +0000 2021,1.38991510644465E+018,1.38991510644465E+018,@Lovely_Paba @Tikiri_ @AmIsoSweet ‡∂ö‡∑Ä‡∑î‡∂Ø ‡∂Ø‡∑í‡∂±‡∑è‡∂Ω‡∑ä ‡∂î‡∂∫‡∑è‡∂ß ‡∂î‡∂†‡∑ä‡∂†‡∂ª ‡∂∂‡∑ú‡∂ª‡∑î ‡∂ö‡∑í‡∂∫‡∂±‡∑ä‡∂±‡∑ô.? ‡∂¥‡∑ú‡∑É‡∑í‡∂ß‡∑í‡∑Ä‡∑ä ‡∂ã‡∂± ‡∑Ñ‡∑ê‡∂∏ ‡∂ö‡∑ô‡∂±‡∑è‡∑Ä‡∂∏ hospital ‡∂Ö‡∂ª‡∂±‡∑ä ‡∂ú‡∑í‡∑Ñ‡∑í‡∂±‡∑ä ‡∂≠‡∑í‡∂∂‡∑ä‡∂∂. ‡∂Ω‡∂ú‡∂∏ ‡∂ª‡∑ù‡∑Ñ‡∂Ω‡∂ß ‡∂¥‡∑î‡∂Ω‡∑î‡∑Ä‡∂±‡∑ä ‡∂â‡∂ö‡∑ä‡∂∏‡∂±‡∑í‡∂±‡∑ä. ‡∂ã‡∂±‡∑ö ‡∂ë‡∑Ñ‡∑ô‡∂∏ positive ‡∂ë‡∂ö‡∑ä‡∂ö‡∑ô‡∂±‡∑ô‡∂ö‡∑ä ‡∂Ö‡∂ª‡∂±‡∑ä ‡∂ú‡∑í‡∂∫‡∑è‡∂∏ ‡∂ú‡∑ô‡∂Ø‡∂ª ‡∂Ö‡∂∫ ‡∑Ä‡∑ô‡∂±‡∂Ø‡∑è ‡∂∏‡∂∞‡∑ä‚Äç‡∂∫‡∑É‡∑ä‡∂Æ‡∑è‡∂± ‡∑Ä‡∂Ω‡∂ß ‡∂Ö‡∂ª‡∂±‡∑ä ‡∂ú‡∑í‡∂∫‡∑è‡∂ß ‡∂Ø‡∑ê‡∂±‡∑ä ‡∂ú‡∑ô‡∂Ø‡∂ª ‡∂±‡∑í‡∂ª‡∑ù‡∂∞‡∂±‡∂∫ ‡∂ö‡∂ª‡∂±‡∑Ä. ‡∂ú‡∑ô‡∂Ø‡∂ª‡∂ß ‡∂∂‡∂©‡∑î ‡∂∏‡∂Ω‡∑ä‡∂Ω‡∂ö‡∑î‡∂≠‡∑ä ‡∂ë‡∑Ä‡∂±‡∑Ä.,False,"[34, 278]","{'hashtags': [], 'symbols': [], 'user_mentions': [{'screen_name': 'Lovely_Paba', 'name': 'Fifty Shades Crazy', 'id': 128910982, 'id_str': '128910982', 'indices': [0, 12]}, {'screen_name': 'Tikiri_', 'name': 'Thamaru! üòè', 'id': 176651477, 'id_str': '176651477', 'indices': [13, 21]}, {'screen_name': 'AmIsoSweet', 'name': 'Dinal', 'id': 429624563, 'id_str': '429624563', 'indices': [22, 33]}], 'urls': []}","<a href=""http://twitter.com/download/android"" rel=""nofollow"">Twitter for Android</a>",1.38985577024255E+018,1.38985577024255E+018,128910982,128910982,Lovely_Paba,108509263,108509263,,,,,False,0,2,2,0,1.38985345467636E+018,1.38985345467636E+018,False,False,,,,si,,,,,,,0
63,1.38946540467055E+018,Tue May 04 06:22:22 +0000 2021,1.38946540467055E+018,1.38946540467055E+018,"1 ‡∑Ä‡∑É‡∂ª‡∑ô‡∂Ø‡∑í ‡∂∏‡∂±‡∑ä,

‡∂â‡∑É‡∑ä‡∂ö‡∑ù‡∂Ω‡∑ö ‡∂á‡∂ª‡∑í‡∂Ω‡∑è ‡∂ë‡∂Ø‡∑ä‡∂Ø‡∑ì ‡∂∫‡∑è‡∂Ω‡∑î‡∑Ä‡∑è ‡∂ã‡∂¥‡∂±‡∑ä‡∂Ø‡∑í‡∂±‡∑ö‡∂ß  ‡∂≠‡∑ë‡∂ú‡∑ì ‡∂Ø‡∑î‡∂±‡∑ä‡∂±‡∑è. https://t.co/y30NxlWBOb",False,"[0, 65]","{'hashtags': [], 'symbols': [], 'user_mentions': [], 'urls': [], 'media': [{'id': 1389465343240806407, 'id_str': '1389465343240806407', 'indices': [66, 89], 'media_url': 'http://pbs.twimg.com/media/E0hfXjOVoAcAhme.jpg', 'media_url_https': 'https://pbs.twimg.com/media/E0hfXjOVoAcAhme.jpg', 'url': 'https://t.co/y30NxlWBOb', 'display_url': 'pic.twitter.com/y30NxlWBOb', 'expanded_url': 'https://twitter.com/Iam_Nisansala/status/1389465404670545922/photo/1', 'type': 'photo', 'original_info': {'width': 1456, 'height': 1544, 'focus_rects': [{'x': 0, 'y': 171, 'h': 815, 'w': 1456}, {'x': 0, 'y': 0, 'h': 1456, 'w': 1456}, {'x': 0, 'y': 0, 'h': 1544, 'w': 1354}, {'x': 192, 'y': 0, 'h': 1544, 'w': 772}, {'x': 0, 'y': 0, 'h': 1544, 'w': 1456}]}, 'sizes': {'thumb': {'w': 150, 'h': 150, 'resize': 'crop'}, 'medium': {'w': 1132, 'h': 1200, 'resize': 'fit'}, 'small': {'w': 641, 'h': 680, 'resize': 'fit'}, 'large': {'w': 1456, 'h': 1544, 'resize': 'fit'}}, 'features': {'medium': {'faces': [{'x': 351, 'y': 363, 'h': 206, 'w': 206}]}, 'small': {'faces': [{'x': 198, 'y': 206, 'h': 116, 'w': 116}]}, 'orig': {'faces': [{'x': 452, 'y': 468, 'h': 265, 'w': 265}]}, 'large': {'faces': [{'x': 452, 'y': 468, 'h': 265, 'w': 265}]}}}]}","<a href=""http://twitter.com/download/android"" rel=""nofollow"">Twitter for Android</a>",,,,,,8.41879045696557E+017,8.41879045696557E+017,,,,,False,0,96,12,0,1.38946540467055E+018,1.38946540467055E+018,False,False,False,True,,si,,,,,"{'media': [{'id': 1389465343240806407, 'id_str': '1389465343240806407', 'indices': [66, 89], 'media_url': 'http://pbs.twimg.com/media/E0hfXjOVoAcAhme.jpg', 'media_url_https': 'https://pbs.twimg.com/media/E0hfXjOVoAcAhme.jpg', 'url': 'https://t.co/y30NxlWBOb', 'display_url': 'pic.twitter.com/y30NxlWBOb', 'expanded_url': 'https://twitter.com/Iam_Nisansala/status/1389465404670545922/photo/1', 'type': 'photo', 'original_info': {'width': 1456, 'height': 1544, 'focus_rects': [{'x': 0, 'y': 171, 'h': 815, 'w': 1456}, {'x': 0, 'y': 0, 'h': 1456, 'w': 1456}, {'x': 0, 'y': 0, 'h': 1544, 'w': 1354}, {'x': 192, 'y': 0, 'h': 1544, 'w': 772}, {'x': 0, 'y': 0, 'h': 1544, 'w': 1456}]}, 'sizes': {'thumb': {'w': 150, 'h': 150, 'resize': 'crop'}, 'medium': {'w': 1132, 'h': 1200, 'resize': 'fit'}, 'small': {'w': 641, 'h': 680, 'resize': 'fit'}, 'large': {'w': 1456, 'h': 1544, 'resize': 'fit'}}, 'features': {'medium': {'faces': [{'x': 351, 'y': 363, 'h': 206, 'w': 206}]}, 'small': {'faces': [{'x': 198, 'y': 206, 'h': 116, 'w': 116}]}, 'orig': {'faces': [{'x': 452, 'y': 468, 'h': 265, 'w': 265}]}, 'large': {'faces': [{'x': 452, 'y': 468, 'h': 265, 'w': 265}]}}, 'media_key': '3_1389465343240806407', 'ext_alt_text': None, 'ext_media_availability': {'status': 'available'}, 'ext_media_color': {'palette': [{'rgb': {'red': 207, 'green': 202, 'blue': 204}, 'percentage': 47.72}, {'rgb': {'red': 80, 'green': 72, 'blue': 70}, 'percentage': 38.04}, {'rgb': {'red': 138, 'green': 146, 'blue': 173}, 'percentage': 0.85}, {'rgb': {'red': 175, 'green': 138, 'blue': 129}, 'percentage': 0.14}, {'rgb': {'red': 62, 'green': 46, 'blue': 35}, 'percentage': 0.12}]}, 'ext': {'mediaStats': {'r': 'Missing', 'ttl': -1}}}]}",,0
64,1.38942168413899E+018,Tue May 04 03:28:38 +0000 2021,1.38942168413899E+018,1.38942168413899E+018,@shanki_thewitch ‡∂â‡∂≠‡∑í‡∂±‡∑ä ‡∂á‡∂∫‡∑í ‡∂ã‡∑Ä ‡∑É‡∑ô‡∂ß‡∑ä ‡∂ö‡∂ª‡∂ú‡∂±‡∑ä‡∂± ‡∂∂‡∑ê‡∂ª‡∑í ‡∂î‡∑Ä‡∑è‡∂ß ü•¥,False,"[17, 53]","{'hashtags': [], 'symbols': [], 'user_mentions': [{'screen_name': 'shanki_thewitch', 'name': 'Witch ‚ö°', 'id': 973212683007819776, 'id_str': '973212683007819776', 'indices': [0, 16]}], 'urls': []}","<a href=""http://twitter.com/download/android"" rel=""nofollow"">Twitter for Android</a>",1.38942101803326E+018,1.38942101803326E+018,9.7321268300782E+017,9.7321268300782E+017,shanki_thewitch,70366634,70366634,,,,,False,0,0,1,0,1.38942101803326E+018,1.38942101803326E+018,False,False,,,,si,,,,,,,0
65,1.38979535388129E+018,Wed May 05 04:13:28 +0000 2021,1.38979535388129E+018,1.38979535388129E+018,@NisaliPathirana Ex ‡∂ö‡∂ª‡∂±‡∑Ä‡∑è ‡∂Ö‡∑ê‡∂≠‡∑í text...‡∂î‡∂∫‡∑è‡∂ú‡∑ö ‡∂∫‡∑è‡∂Ω‡∑î‡∑Ä‡∑è bestüò¨ü§≠,False,"[17, 57]","{'hashtags': [], 'symbols': [], 'user_mentions': [{'screen_name': 'NisaliPathirana', 'name': 'Nisali Pathirana üå∏', 'id': 1177011554069483522, 'id_str': '1177011554069483522', 'indices': [0, 16]}], 'urls': []}","<a href=""http://twitter.com/download/android"" rel=""nofollow"">Twitter for Android</a>",1.38954213468928E+018,1.38954213468928E+018,1.17701155406948E+018,1.17701155406948E+018,NisaliPathirana,1.31111150734683E+018,1.31111150734683E+018,,,,,False,0,1,0,0,1.38954213468928E+018,1.38954213468928E+018,False,False,,,,si,,,,,,,0
68,1.3895713969975E+018,Tue May 04 13:23:32 +0000 2021,1.3895713969975E+018,1.3895713969975E+018,@dil_jayarathne @Tikiri_ ‡∑Ñ‡∑î‡∂≠‡∑ä‡∂≠‡∑ô‡∂ö‡∑ä ? ü§î,False,"[25, 37]","{'hashtags': [], 'symbols': [], 'user_mentions': [{'screen_name': 'dil_jayarathne', 'name': '‚ö∞Ô∏è√∏¬§‚ò†Ô∏è€©üëπÔ∏è‡∂á‡∂ß ‡∂ö‡∂ß‡∑î‡∑É‡∑äüëπÔ∏è€©‚ò†Ô∏è√∏¬§‚ö∞Ô∏è', 'id': 1058556126566875137, 'id_str': '1058556126566875137', 'indices': [0, 15]}, {'screen_name': 'Tikiri_', 'name': 'Thamaru! üòè', 'id': 176651477, 'id_str': '176651477', 'indices': [16, 24]}], 'urls': []}","<a href=""http://twitter.com/download/iphone"" rel=""nofollow"">Twitter for iPhone</a>",1.38956946738703E+018,1.38956946738703E+018,1.05855612656688E+018,1.05855612656688E+018,dil_jayarathne,429624563,429624563,,,,,False,0,0,3,0,1.38956099639865E+018,1.38956099639865E+018,False,False,,,,si,,,,,,,1
70,1.38980819975102E+018,Wed May 05 05:04:30 +0000 2021,1.38980819975102E+018,1.38980819975102E+018,‡∂ö‡∑è‡∂Ω‡∑ô‡∂ö‡∂ß ‡∂ã‡∂© ‡∂≠‡∑í‡∂∫‡∑è‡∂ú‡∑ô‡∂± ‡∂Ö‡∂ª‡∂ú‡∑ô‡∂± ‡∂∫‡∂±‡∑Ä‡∑è https://t.co/N4xCujSQj2,False,"[0, 28]","{'hashtags': [], 'symbols': [], 'user_mentions': [], 'urls': [], 'media': [{'id': 1389808196470992896, 'id_str': '1389808196470992896', 'indices': [29, 52], 'media_url': 'http://pbs.twimg.com/media/E0mXMPCUcAAs6Rt.jpg', 'media_url_https': 'https://pbs.twimg.com/media/E0mXMPCUcAAs6Rt.jpg', 'url': 'https://t.co/N4xCujSQj2', 'display_url': 'pic.twitter.com/N4xCujSQj2', 'expanded_url': 'https://twitter.com/PrasadJSen/status/1389808199751016449/photo/1', 'type': 'photo', 'original_info': {'width': 715, 'height': 2048, 'focus_rects': [{'x': 0, 'y': 55, 'h': 400, 'w': 715}, {'x': 0, 'y': 0, 'h': 715, 'w': 715}, {'x': 0, 'y': 0, 'h': 815, 'w': 715}, {'x': 0, 'y': 0, 'h': 1430, 'w': 715}, {'x': 0, 'y': 0, 'h': 2048, 'w': 715}]}, 'sizes': {'thumb': {'w': 150, 'h': 150, 'resize': 'crop'}, 'large': {'w': 715, 'h': 2048, 'resize': 'fit'}, 'small': {'w': 237, 'h': 680, 'resize': 'fit'}, 'medium': {'w': 419, 'h': 1200, 'resize': 'fit'}}, 'features': {'orig': {'faces': [{'x': 328, 'y': 934, 'h': 78, 'w': 78}, {'x': 98, 'y': 128, 'h': 94, 'w': 94}, {'x': 370, 'y': 132, 'h': 96, 'w': 96}, {'x': 152, 'y': 1888, 'h': 88, 'w': 88}]}, 'large': {'faces': [{'x': 328, 'y': 934, 'h': 78, 'w': 78}, {'x': 98, 'y': 128, 'h': 94, 'w': 94}, {'x': 370, 'y': 132, 'h': 96, 'w': 96}, {'x': 152, 'y': 1888, 'h': 88, 'w': 88}]}, 'small': {'faces': [{'x': 108, 'y': 309, 'h': 25, 'w': 25}, {'x': 32, 'y': 42, 'h': 31, 'w': 31}, {'x': 122, 'y': 43, 'h': 31, 'w': 31}, {'x': 50, 'y': 625, 'h': 29, 'w': 29}]}, 'medium': {'faces': [{'x': 192, 'y': 547, 'h': 45, 'w': 45}, {'x': 57, 'y': 75, 'h': 55, 'w': 55}, {'x': 216, 'y': 77, 'h': 56, 'w': 56}, {'x': 89, 'y': 1106, 'h': 51, 'w': 51}]}}}]}","<a href=""http://twitter.com/download/android"" rel=""nofollow"">Twitter for Android</a>",,,,,,276019005,276019005,,,,,False,1,17,0,2,1.38980819975102E+018,1.38980819975102E+018,False,False,False,True,,si,,,,,"{'media': [{'id': 1389808196470992896, 'id_str': '1389808196470992896', 'indices': [29, 52], 'media_url': 'http://pbs.twimg.com/media/E0mXMPCUcAAs6Rt.jpg', 'media_url_https': 'https://pbs.twimg.com/media/E0mXMPCUcAAs6Rt.jpg', 'url': 'https://t.co/N4xCujSQj2', 'display_url': 'pic.twitter.com/N4xCujSQj2', 'expanded_url': 'https://twitter.com/PrasadJSen/status/1389808199751016449/photo/1', 'type': 'photo', 'original_info': {'width': 715, 'height': 2048, 'focus_rects': [{'x': 0, 'y': 55, 'h': 400, 'w': 715}, {'x': 0, 'y': 0, 'h': 715, 'w': 715}, {'x': 0, 'y': 0, 'h': 815, 'w': 715}, {'x': 0, 'y': 0, 'h': 1430, 'w': 715}, {'x': 0, 'y': 0, 'h': 2048, 'w': 715}]}, 'sizes': {'thumb': {'w': 150, 'h': 150, 'resize': 'crop'}, 'large': {'w': 715, 'h': 2048, 'resize': 'fit'}, 'small': {'w': 237, 'h': 680, 'resize': 'fit'}, 'medium': {'w': 419, 'h': 1200, 'resize': 'fit'}}, 'features': {'orig': {'faces': [{'x': 328, 'y': 934, 'h': 78, 'w': 78}, {'x': 98, 'y': 128, 'h': 94, 'w': 94}, {'x': 370, 'y': 132, 'h': 96, 'w': 96}, {'x': 152, 'y': 1888, 'h': 88, 'w': 88}]}, 'large': {'faces': [{'x': 328, 'y': 934, 'h': 78, 'w': 78}, {'x': 98, 'y': 128, 'h': 94, 'w': 94}, {'x': 370, 'y': 132, 'h': 96, 'w': 96}, {'x': 152, 'y': 1888, 'h': 88, 'w': 88}]}, 'small': {'faces': [{'x': 108, 'y': 309, 'h': 25, 'w': 25}, {'x': 32, 'y': 42, 'h': 31, 'w': 31}, {'x': 122, 'y': 43, 'h': 31, 'w': 31}, {'x': 50, 'y': 625, 'h': 29, 'w': 29}]}, 'medium': {'faces': [{'x': 192, 'y': 547, 'h': 45, 'w': 45}, {'x': 57, 'y': 75, 'h': 55, 'w': 55}, {'x': 216, 'y': 77, 'h': 56, 'w': 56}, {'x': 89, 'y': 1106, 'h': 51, 'w': 51}]}}, 'media_key': '3_1389808196470992896', 'ext_alt_text': None, 'ext_media_color': {'palette': [{'rgb': {'red': 157, 'green': 157, 'blue': 161}, 'percentage': 77.47}, {'rgb': {'red': 61, 'green': 64, 'blue': 89}, 'percentage': 16.48}, {'rgb': {'red': 122, 'green': 114, 'blue': 49}, 'percentage': 4.74}, {'rgb': {'red': 96, 'green': 92, 'blue': 52}, 'percentage': 0.83}, {'rgb': {'red': 197, 'green': 196, 'blue': 201}, 'percentage': 0.45}]}, 'ext_media_availability': {'status': 'available'}, 'ext': {'mediaStats': {'r': 'Missing', 'ttl': -1}}}]}",,0
72,1.38885855754673E+018,Sun May 02 14:10:58 +0000 2021,1.38885855754673E+018,1.38885855754673E+018,‡∂Ö‡∂©‡∑ù ‡∂∂‡∑ú‡∂ö‡∑ä‡∂ö ‡∂ã‡∂π‡∑ô ‡∂±‡∂∏ ‡∂∏‡∑ú‡∂ö‡∂ö‡∑ä‡∂Ø.?,False,"[0, 25]","{'hashtags': [], 'symbols': [], 'user_mentions': [], 'urls': []}","<a href=""http://twitter.com/download/android"" rel=""nofollow"">Twitter for Android</a>",,,,,,4632654077,4632654077,,,"{'id': '173c2bb9d42baaa5', 'url': 'https://api.twitter.com/1.1/geo/id/173c2bb9d42baaa5.json', 'place_type': 'country', 'name': 'Sri Lanka', 'full_name': 'Sri Lanka', 'country_code': 'LK', 'country': 'Sri Lanka', 'contained_within': [], 'bounding_box': {'type': 'Polygon', 'coordinates': [[[79.6505263, 5.9213829], [81.8787816, 5.9213829], [81.8787816, 9.8359375], [79.6505263, 9.8359375]]]}, 'attributes': {}}",,False,0,19,5,0,1.38885855754673E+018,1.38885855754673E+018,False,False,,,,si,,,,,,,0
73,1.38777871171437E+018,Thu Apr 29 14:40:03 +0000 2021,1.38777871171437E+018,1.38777871171437E+018,@Thish_D @maalupaan ‡∂∏‡∑ñ‡∂ß ‡∂ö‡∑í‡∑É‡∑í‡∂∏ control ‡∂ë‡∂ö‡∂ö‡∑ä ‡∂±‡∑ë. üòÇ,False,"[20, 48]","{'hashtags': [], 'symbols': [], 'user_mentions': [{'screen_name': 'Thish_D', 'name': '‡∂¥‡∂ª‡∑è‡∂ª‡∑ä‡∂≠‡∂ö‡∑è‡∂∏‡∑ì ‡∂ö‡∂ª‡∑î‡∂´‡∑è‡∑Ä‡∂±‡∑ä‡∂≠ ‡∂∫‡∑è‡∂Ω‡∑î‡∑Ä‡∑è', 'id': 623929922, 'id_str': '623929922', 'indices': [0, 8]}, {'screen_name': 'maalupaan', 'name': 'Jerry üá±üá∞', 'id': 4632654077, 'id_str': '4632654077', 'indices': [9, 19]}], 'urls': []}","<a href=""http://twitter.com/download/android"" rel=""nofollow"">Twitter for Android</a>",1.38777851379369E+018,1.38777851379369E+018,623929922,623929922,Thish_D,176651477,176651477,,,,,False,0,0,1,0,1.38777851379369E+018,1.38777851379369E+018,False,False,,,,si,,,,,,,0
74,1.38949297298367E+018,Tue May 04 08:11:54 +0000 2021,1.38949297298367E+018,1.38949297298367E+018,@lahirunirmala @AmIsoSweet @NightWingzzz ‡∂î‡∂∫ ‡∂Ü‡∑É‡∂∫‡∑í ‡∂∂‡∂∫‡∂∫‡∑í ‡∑É‡∑ì‡∂±‡∑ä ‡∂ë‡∂ö‡∑ö üòÇ,False,"[41, 64]","{'hashtags': [], 'symbols': [], 'user_mentions': [{'screen_name': 'lahirunirmala', 'name': 'Hiru', 'id': 33105446, 'id_str': '33105446', 'indices': [0, 14]}, {'screen_name': 'AmIsoSweet', 'name': 'Dinal', 'id': 429624563, 'id_str': '429624563', 'indices': [15, 26]}, {'screen_name': 'NightWingzzz', 'name': 'Nightwing¬Æüá±üá∞', 'id': 2369956382, 'id_str': '2369956382', 'indices': [27, 40]}], 'urls': []}","<a href=""http://twitter.com/download/iphone"" rel=""nofollow"">Twitter for iPhone</a>",1.38949222595274E+018,1.38949222595274E+018,33105446,33105446,lahirunirmala,623929922,623929922,,,,,False,0,0,1,0,1.38945139885346E+018,1.38945139885346E+018,False,False,,,,si,,,,,,,0
75,1.38946981501477E+018,Tue May 04 06:39:53 +0000 2021,1.38946981501477E+018,1.38946981501477E+018,‡∂Ø‡∑í‡∂±‡∑è‡∂Ω‡∂∫‡∑è ‡∂ß‡∑ä‡∑Ä‡∑ì‡∂ß‡∑ä ‡∂ë‡∂ö ‡∂©‡∑í‡∂Ω‡∑ì‡∂ß‡∑ä ‡∂ö‡∂ª‡∂±‡∑Ä‡∑è ‡∂Ø‡∑ê‡∂±‡∑ä,False,"[0, 35]","{'hashtags': [], 'symbols': [], 'user_mentions': [], 'urls': []}","<a href=""https://about.twitter.com/products/tweetdeck"" rel=""nofollow"">TweetDeck</a>",,,,,,2369956382,2369956382,,,,,True,0,0,1,0,1.38946981501477E+018,1.38946981501477E+018,False,False,,,,si,,1.38946958585059E+018,1.38946958585059E+018,"{'url': 'https://t.co/dBT2TO3JXR', 'expanded': 'https://twitter.com/Thish_D/status/1389469585850585089', 'display': 'twitter.com/Thish_D/status‚Ä¶'}",,,0
77,1.38909327832734E+018,Mon May 03 05:43:40 +0000 2021,1.38909327832734E+018,1.38909327832734E+018,‡∂Ö‡∂©‡∑ù ‡∂å ‡∂∏‡∑ô‡∑Ñ‡∑ô ‡∂ã‡∂±‡∑è ‡∂±‡∂Ç ‡∂Ö‡∂¥‡∑ö ‡∂ë‡∑Ä‡∑î‡∂±‡∑ä ‡∑Ñ‡∑ú‡∂∫‡∑è‡∂ú‡∑ô‡∂± ‡∂ú‡∑í‡∑Ñ‡∑í‡∂±‡∑ä ‡∂ã‡∂ú‡∑ô ‡∂â‡∑É‡∑ä‡∑É‡∂ª‡∑Ñ‡∂ß ‡∂∫‡∂±‡∑ä‡∂±‡∑ô üòÇ,False,"[0, 62]","{'hashtags': [], 'symbols': [], 'user_mentions': [], 'urls': []}","<a href=""http://twitter.com/download/iphone"" rel=""nofollow"">Twitter for iPhone</a>",,,,,,623929922,623929922,,,,,True,0,4,0,0,1.38909327832734E+018,1.38909327832734E+018,False,False,,,,si,,1.38882081594114E+018,1.38882081594114E+018,"{'url': 'https://t.co/3R7bNhCcoJ', 'expanded': 'https://twitter.com/KasunKoswattha/status/1388820815941144576', 'display': 'twitter.com/KasunKoswattha‚Ä¶'}",,,0
79,1.38958178407818E+018,Tue May 04 14:04:49 +0000 2021,1.38958178407818E+018,1.38958178407818E+018,@AmIsoSweet @dil_jayarathne @Tikiri_ ‡∑Ñ‡∑î‡∂≠‡∑ä‡∂≠‡∑ô‡∂ö‡∑ä ‡∑Ä‡∑ô‡∂±‡∑ä‡∂© ‡∂Ø‡∑í‡∂±‡∑è‡∂Ω‡∑ä üòå,False,"[37, 60]","{'hashtags': [], 'symbols': [], 'user_mentions': [{'screen_name': 'AmIsoSweet', 'name': 'Dinal', 'id': 429624563, 'id_str': '429624563', 'indices': [0, 11]}, {'screen_name': 'dil_jayarathne', 'name': '‚ö∞Ô∏è√∏¬§‚ò†Ô∏è€©üëπÔ∏è‡∂á‡∂ß ‡∂ö‡∂ß‡∑î‡∑É‡∑äüëπÔ∏è€©‚ò†Ô∏è√∏¬§‚ö∞Ô∏è', 'id': 1058556126566875137, 'id_str': '1058556126566875137', 'indices': [12, 27]}, {'screen_name': 'Tikiri_', 'name': 'Thamaru! üòè', 'id': 176651477, 'id_str': '176651477', 'indices': [28, 36]}], 'urls': []}","<a href=""http://twitter.com/download/iphone"" rel=""nofollow"">Twitter for iPhone</a>",1.3895713969975E+018,1.3895713969975E+018,429624563,429624563,AmIsoSweet,623929922,623929922,,,,,False,0,1,0,0,1.38956099639865E+018,1.38956099639865E+018,False,False,,,,si,,,,,,,0
83,1.38520911022897E+018,Thu Apr 22 12:29:22 +0000 2021,1.38520911022897E+018,1.38520911022897E+018,"‡∂Ø‡∑Ä‡∑É‡∑ö ‡∂¥‡∑è‡∂©‡∂∏ ______ üëá
‡∂î‡∂∂ ‡∂ö‡∑ô‡∂Ø‡∑í‡∂±‡∂ö ‡∑Ñ‡∑ù ‡∂∂‡∑ê‡∂Ø‡∑ì‡∂∏‡∂ö‡∑ä ‡∂Ω‡∂Ç‡∂ö‡∂ª ‡∂ú‡∑ê‡∂±‡∑ì‡∂∏‡∂ß ‡∂ã‡∂≠‡∑ä‡∑É‡∑è‡∑Ñ ‡∂ö‡∂ª‡∂±‡∑ä‡∂±‡∑ö‡∂Ø...‡∂ë‡∂Ø‡∑è ‡∑É‡∑í‡∂ß ‡∂î‡∂∂‡∑ö ‡∂±‡∑í‡∂Ø‡∑Ñ‡∑É ‡∂ã‡∂∂‡∂ß ‡∂Ö‡∑Ñ‡∑í‡∂∏‡∑í ‡∑Ä‡∂±‡∑î ‡∂á‡∂≠.
‡∂î‡∂∂ ‡∑Ä‡∑í‡∑Å‡∑è‡∂Ω ‡∂Ω‡∑ô‡∑É ‡∂Ü‡∂Ø‡∂ª‡∂∫ ‡∂ö‡∂ª‡∂±‡∑ä‡∂±‡∑ö‡∂Ø...‡∂±‡∑ê‡∂≠‡∑ä‡∂±‡∂∏‡∑ä ‡∂∫‡∂∏‡∑ä‡∂ö‡∑í‡∑É‡∑í ‡∑É‡∑Ñ‡∑ù‡∂Ø‡∂ª ‡∂¥‡∑ä‚Äç‡∂ª‡∑ö‡∂∏‡∂∫‡∂ö‡∂ß ‡∂∂‡∑ê‡∂Ø‡∑î‡∂±‡∑ö‡∂Ø....‡∂ë‡∂∫‡∂Ø ‡∂∫‡∂∏‡∑ä ‡∂Ø‡∑í‡∂±‡∂ö ‡∂ã‡∂∂‡∑Ä ‡∂∂‡∑í‡∂∏‡∂ß ‡∂Ø‡∂∏‡∂∫‡∑í,‡∂ë‡∂∏ ‡∂±‡∑í‡∑É‡∑è ‡∂Ü‡∂Ø‡∂ª‡∂∫‡∑ô‡∂±‡∑ä ‡∂ö‡∑í‡∑É‡∑í‡∑Ä‡∂ö‡∑ä ‡∂Ω‡∂Ç‡∂ö‡∂ª ‡∂ú‡∂≠‡∑ä‡∂≠‡∂Ø ‡∂í‡∑Ä‡∑è‡∂ß ‡∂ú‡∑ú‡∂©‡∂ö‡∑ä ‡∂Ü‡∂Ø‡∂ª‡∂∫ ‡∂±‡∑ú‡∂ö‡∂ª‡∂±‡∑ä‡∂±....‡∂±‡∑ú‡∑É‡∑í‡∂≠‡∂±‡∑ä‡∂±.",False,"[0, 274]","{'hashtags': [], 'symbols': [], 'user_mentions': [], 'urls': []}","<a href=""http://twitter.com/download/android"" rel=""nofollow"">Twitter for Android</a>",,,,,,1.27488268583652E+018,1.27488268583652E+018,,,,,False,1,10,0,1,1.38520911022897E+018,1.38520911022897E+018,False,False,,,,si,,,,,,,0
84,1.38986633992635E+018,Wed May 05 08:55:32 +0000 2021,1.38986633992635E+018,1.38986633992635E+018,@AshwinP60082350 @hashhCM üòÇ ‡∑Å‡∑ê‡∂¥‡∂ö‡∑ä ‡∂ú‡∂±‡∑ä‡∂±‡∑Ä ‡∑Ä‡∂ú‡∑ö ‡∂Ö‡∂¥‡∑ö‡∂∏ ‡∂ö‡∑Ä‡∑î‡∂ª‡∑î ‡∑Ñ‡∂ª‡∑í üòÇ,False,"[26, 60]","{'hashtags': [], 'symbols': [], 'user_mentions': [{'screen_name': 'AshwinP60082350', 'name': 'Ashwin Patel', 'id': 1368955416395227141, 'id_str': '1368955416395227141', 'indices': [0, 16]}, {'screen_name': 'hashhCM', 'name': 'hashh C.M', 'id': 318225884, 'id_str': '318225884', 'indices': [17, 25]}], 'urls': []}","<a href=""http://twitter.com/download/iphone"" rel=""nofollow"">Twitter for iPhone</a>",1.38984518040509E+018,1.38984518040509E+018,1.36895541639523E+018,1.36895541639523E+018,AshwinP60082350,623929922,623929922,,,,,False,0,0,1,0,1.38984502360515E+018,1.38984502360515E+018,False,False,,,,si,,,,,,,0
86,1.3883257601973E+018,Sat May 01 02:53:49 +0000 2021,1.3883257601973E+018,1.3883257601973E+018,@25ShadesOfBrown *‡∂â‡∂±‡∂ß ‡∂Ö‡∂≠‡∑ä ‡∂Ø‡∑ô‡∂ö ‡∂≠‡∑í‡∂∫‡∑è‡∂ú‡∑ô‡∂± ‡∂â‡∂±‡∑ä‡∂± ‡∂∏‡∂±‡∑î‡∑É‡∑ä‡∑É‡∂∫‡∂ú‡∑ô gif ‡∂ë‡∂ö*,False,"[17, 60]","{'hashtags': [], 'symbols': [], 'user_mentions': [{'screen_name': '25ShadesOfBrown', 'name': 'chichi·•´·≠°üá®üá¶', 'id': 480050024, 'id_str': '480050024', 'indices': [0, 16]}], 'urls': []}","<a href=""http://twitter.com/download/iphone"" rel=""nofollow"">Twitter for iPhone</a>",1.38832562980908E+018,1.38832562980908E+018,480050024,480050024,25ShadesOfBrown,623929922,623929922,,,,,False,0,0,1,0,1.38832297673987E+018,1.38832297673987E+018,False,False,,,,si,,,,,,,0
87,1.38945277626726E+018,Tue May 04 05:32:11 +0000 2021,1.38945277626726E+018,1.38945277626726E+018,@thecalculuspun ‡∂ë‡∂∫‡∑è‡∂ú‡∑ô ‡∂∫‡∑è‡∂Ω‡∑î‡∑Ä‡∑è ‡∂ö‡∑í‡∂∫‡∂Ω‡∑è ‡∂Ø‡∑è‡∂¥‡∂±‡∑ä‡∂ö‡∑ú ‡∂ã‡∂∂ ‡∂ë‡∑Ñ‡∑ô‡∂±‡∂∏‡∑ä üòÖüòÖ,False,"[16, 55]","{'hashtags': [], 'symbols': [], 'user_mentions': [{'screen_name': 'thecalculuspun', 'name': 'Calculus is unavailable', 'id': 1231583677869588480, 'id_str': '1231583677869588480', 'indices': [0, 15]}], 'urls': []}","<a href=""http://twitter.com/download/android"" rel=""nofollow"">Twitter for Android</a>",1.38945202743282E+018,1.38945202743282E+018,1.23158367786959E+018,1.23158367786959E+018,thecalculuspun,70366634,70366634,,,,,False,0,0,0,0,1.38943348873925E+018,1.38943348873925E+018,False,False,,,,si,,,,,,,0
88,1.38777887483934E+018,Thu Apr 29 14:40:42 +0000 2021,1.38777887483934E+018,1.38777887483934E+018,@Tikiri_ @maalupaan ‡∂í ‡∂ã‡∂±‡∑è‡∂ß ‡∂ö‡∑ú‡∂≠‡∑ä‡∂≠‡∑î‡∑Ä‡∂ö‡∑ä ‡∂ö‡∂Ø‡∑ä‡∂Ø‡∑í ‡∂∏‡∑ä‡∂∏‡∑ä‡∂∏‡∑ä‡∂∏‡∑ä‡∂∏‡∑ä‡∂∏‡∑ä‡∂∏‡∑ä,False,"[20, 57]","{'hashtags': [], 'symbols': [], 'user_mentions': [{'screen_name': 'Tikiri_', 'name': 'Thamaru! üòè', 'id': 176651477, 'id_str': '176651477', 'indices': [0, 8]}, {'screen_name': 'maalupaan', 'name': 'Jerry üá±üá∞', 'id': 4632654077, 'id_str': '4632654077', 'indices': [9, 19]}], 'urls': []}","<a href=""http://twitter.com/download/iphone"" rel=""nofollow"">Twitter for iPhone</a>",1.38777871171437E+018,1.38777871171437E+018,176651477,176651477,Tikiri_,623929922,623929922,,,,,False,0,0,1,0,1.38777851379369E+018,1.38777851379369E+018,False,False,,,,si,,,,,,,0
89,1.38942101803326E+018,Tue May 04 03:25:59 +0000 2021,1.38942101803326E+018,1.38942101803326E+018,‡∂¥‡∑î‡∑Ö‡∑î‡∑Ä‡∂±‡∑ä ... ‡∂Ö‡∑Ä‡∑î‡∂ª‡∑î‡∂Ø‡∑î ‡∂ú‡∑è‡∂±‡∂ö‡∑ä ‡∂≠‡∑í‡∑É‡∑ä‡∑É‡∑ö ‡∂∏‡∂ú‡∑ö ‡∑Ñ‡∑ú‡∂≥‡∂∏ ‡∂∫‡∑è‡∂Ω‡∑î‡∑Ä‡∑è ‡∂ö‡∑ú‡∂Ω‡∑ä‡∂Ω‡∑ô‡∂ö‡∑ä ...!!,False,"[0, 63]","{'hashtags': [], 'symbols': [], 'user_mentions': [], 'urls': []}","<a href=""http://twitter.com/download/android"" rel=""nofollow"">Twitter for Android</a>",,,,,,9.7321268300782E+017,9.7321268300782E+017,,,,,True,0,26,4,0,1.38942101803326E+018,1.38942101803326E+018,False,False,,,,si,,1.3893893523173E+018,1.3893893523173E+018,"{'url': 'https://t.co/7ZEbzCpLUv', 'expanded': 'https://twitter.com/iamnishui/status/1389389352317296643', 'display': 'twitter.com/iamnishui/stat‚Ä¶'}",,,0
92,1.3893893523173E+018,Tue May 04 01:20:09 +0000 2021,1.3893893523173E+018,1.3893893523173E+018,"‡∑Ñ‡∑ú‡∂Ø‡∂∏ ‡∂∫‡∑è‡∂Ω‡∑î‡∑Ä‡∑ô‡∂ö‡∑ä ‡∑Ä‡∂ú‡∑ö ‡∂¥‡∑í‡∂ª‡∑í‡∂∏‡∑í‡∂∫‡∑ô‡∂ö‡∑î‡∂ß ‡∂ú‡∑ë‡∂±‡∑í‡∂∫‡∑ô‡∂ö‡∑ä ‡∂ë‡∂ö‡∑ä‡∂ö‡∂≠‡∑ä , ‡∂ú‡∑ë‡∂±‡∑í‡∂∫‡∑ô‡∂ö‡∑î‡∂ß ‡∂¥‡∑í‡∂ª‡∑í‡∂∏‡∑í‡∂∫‡∑ô‡∂ö‡∑ä ‡∂ë‡∂ö‡∑ä‡∂ö‡∂≠‡∑ä ‡∂â‡∂±‡∑ä‡∂±‡∂∏ ‡∂∂‡∑ê‡∂ª‡∑í‡∂Ø?

‡∑É‡∑í‡∂¥ ‡∑Ä‡∑ê‡∑Ö‡∂Ø‡∂ú‡∑ê‡∂±‡∑ì‡∂∏‡∑ä ‡∂±‡∑ê‡∂≠‡∑í‡∑Ä ‡∑Ñ‡∑Ä‡∑É‡∂ö ‡∂ã‡∂´‡∑î ‡∂ã‡∂´‡∑î ‡∑Ä‡∂©‡∂∫‡∂ö‡∑ä ‡∂ö‡∂ö‡∑è ‡∂ã‡∂´‡∑î‡∑É‡∑î‡∂∏‡∑ä ‡∂ö‡∑ù‡∂¥‡∑í ‡∂ë‡∂ö‡∂ö‡∑ä ‡∂∂‡∑ú‡∂± ‡∑Ñ‡∂∏‡∑î‡∑Ä‡∑ì‡∂∏‡∂ö‡∑ä ‡∂≠‡∑í‡∂∫‡∑ô‡∂±‡∑ä‡∂±‡∂∏ ‡∂∂‡∑ê‡∂ª‡∑í‡∂Ø ?

‡∂Ö‡∂≠‡∑í‡∂±‡∑ä‡∑Ä‡∂≠‡∑ä ‡∂Ö‡∂Ω‡∑ä‡∂Ω‡∂±‡∑ä‡∂±‡∑ö ‡∂±‡∑ê‡∂≠‡∑í‡∑Ä ‡∂∏‡∑î‡∂Ω‡∑î ‡∂Ω‡∑ù‡∂ö‡∑ô‡∂ß‡∂∏ ‡∂¥‡∑ö‡∂±‡∑ä‡∂± ‡∂ë‡∂ö ‡∑Ä‡∑è‡∑Ñ‡∂±‡∑ö‡∂ö ‡∂ö‡∂≠‡∑è ‡∂ö‡∂ª ‡∂ö‡∂ª ‡∂∫‡∂±‡∑ä‡∂±‡∂∏ ‡∂∂‡∑ê‡∂ª‡∑í‡∂Ø ?",False,"[0, 258]","{'hashtags': [], 'symbols': [], 'user_mentions': [], 'urls': []}","<a href=""http://twitter.com/download/android"" rel=""nofollow"">Twitter for Android</a>",,,,,,7.84553325291245E+017,7.84553325291245E+017,,,,,False,5,134,38,4,1.3893893523173E+018,1.3893893523173E+018,False,False,,,,si,,,,,,,0
93,1.38955680503914E+018,Tue May 04 12:25:33 +0000 2021,1.38955680503914E+018,1.38955680503914E+018,"‡∂Ö‡∑Ä‡∑î‡∂ª‡∑î‡∂Ø‡∑î ‡∂ú‡∑è‡∂±‡∂ö‡∑ä ‡∂≠‡∑í‡∑É‡∑ä‡∑É‡∑ö ‡∂∏‡∂ú‡∑ö ‡∑Ñ‡∑ú‡∂Ø‡∂∏ ‡∂∫‡∑è‡∂Ω‡∑î‡∑Ä‡∑è ‡∂ö‡∑ô‡∂Ω‡∑ä‡∂Ω‡∑ô‡∂ö‡∑ä.
‡∂Ø‡∑ê‡∂±‡∑ä‡∂±‡∂∏‡∑ä ‡∂Ö‡∂∏‡∑ä‡∂∏‡∑è ‡∂ö‡∑ô‡∂±‡∑ô‡∂ö‡∑ä.",False,"[0, 68]","{'hashtags': [], 'symbols': [], 'user_mentions': [], 'urls': []}","<a href=""http://twitter.com/download/android"" rel=""nofollow"">Twitter for Android</a>",,,,,,8.59781372998803E+017,8.59781372998803E+017,,,,,False,0,29,2,0,1.38955680503914E+018,1.38955680503914E+018,False,False,,,,si,,,,,,,0
94,1.38834517818903E+018,Sat May 01 04:10:59 +0000 2021,1.38834517818903E+018,1.38834517818903E+018,@25ShadesOfBrown @NightWingzzz ‡∂†‡∑í‡∂†‡∑í ‡∂î‡∂∫‡∑è ‡∂∂‡∑ñ‡∂ª‡∑î‡∑Ä‡∑ô‡∂ö‡∑ä üòå,False,"[31, 50]","{'hashtags': [], 'symbols': [], 'user_mentions': [{'screen_name': '25ShadesOfBrown', 'name': 'chichi·•´·≠°üá®üá¶', 'id': 480050024, 'id_str': '480050024', 'indices': [0, 16]}, {'screen_name': 'NightWingzzz', 'name': 'Nightwing¬Æüá±üá∞', 'id': 2369956382, 'id_str': '2369956382', 'indices': [17, 30]}], 'urls': []}","<a href=""http://twitter.com/download/iphone"" rel=""nofollow"">Twitter for iPhone</a>",1.38834506891069E+018,1.38834506891069E+018,480050024,480050024,25ShadesOfBrown,623929922,623929922,,,,,False,0,0,1,0,1.38834444036063E+018,1.38834444036063E+018,False,False,,,,si,,,,,,,0
95,1.38891313226587E+018,Sun May 02 17:47:50 +0000 2021,1.38891313226587E+018,1.38891313226587E+018,"@maalupaan ‡∂¢‡∑ê‡∂ö‡∑ä ‡∑Ñ‡∑ú‡∂≥‡∂ß ‡∂∂‡∑ú‡∂±‡∑Ä‡∑è
‡∂¢‡∑ê‡∂ö‡∑ä‡∂ß ‡∂∂‡∂© ‡∂ë‡∂±‡∑Ä‡∑è 

‡∑Ä‡∑ä‚Äç‡∂∫‡∑è‡∂ú‡∑ä‚Äç‡∂ª‡∑è ‡∂¥‡∑ô‡∂≠‡∑í ‡∂Ω‡∑ú‡∂ª‡∑í ‡∂ú‡∂±‡∂±‡∑ä ‡∂ú‡∑ô‡∂± 
‡∑É‡∑î‡∂ª‡∂Ω‡∑ú‡∑Ä‡∂ß ‡∂∫‡∂±‡∑Ä‡∑è",False,"[11, 86]","{'hashtags': [], 'symbols': [], 'user_mentions': [{'screen_name': 'maalupaan', 'name': 'Jerry üá±üá∞', 'id': 4632654077, 'id_str': '4632654077', 'indices': [0, 10]}], 'urls': []}","<a href=""http://twitter.com/download/iphone"" rel=""nofollow"">Twitter for iPhone</a>",1.38877500502714E+018,1.38877500502714E+018,4632654077,4632654077,maalupaan,623929922,623929922,,,,,False,0,1,0,0,1.38877500502714E+018,1.38877500502714E+018,False,False,,,,si,,,,,,,0
97,1.38832955907501E+018,Sat May 01 03:08:55 +0000 2021,1.38832955907501E+018,1.38832955907501E+018,"A/L ‡∑Ä‡∂Ω‡∂ß ‡∑É‡∂≠‡∑í‡∂∫‡∂ö‡∂ß ‡∂ö‡∂Ω‡∑í‡∂±‡∑ä ‡∂Ö‡∂¥‡∑ö ‡∂∫‡∑è‡∑Ö‡∑î‡∑Ä‡∑ô‡∂ö‡∑ä‡∂ú‡∑ô ‡∂≠‡∑è‡∂≠‡∑ä‡∂≠‡∑è ‡∂±‡∑ê‡∂≠‡∑í ‡∑Ä‡∑î‡∂´‡∑è. ‡∑Ä‡∑ê‡∂Ω‡∑ä‡∂Ω‡∑Ä‡∑è‡∂∫‡∑ô. 

‡∂Ö‡∂¥‡∑í ‡∂∫‡∑è‡∂Ω‡∑î‡∑Ä‡∑ù ‡∂ö‡∑ì‡∂¥ ‡∂Ø‡∑ô‡∂±‡∑ô‡∂ö‡∑î‡∂ß ‡∂ï‡∂±‡∑ë ‡∑Ä‡∑î‡∂´‡∑è ‡∂∏‡∑Ö ‡∂ú‡∑ô‡∂Ø‡∂ª ‡∂â‡∑Ä‡∂ª ‡∑Ä‡∑ô‡∂±‡∂ö‡∂∏‡∑ä ‡∂ë‡∑Ñ‡∑ô ‡∂â‡∂±‡∑ä‡∂±. ‡∂Ø‡∑Ä‡∑É‡∑ä 4‡∂ö‡∑ä. ‡∂∏‡∂Ç ‡∂≠‡∑è‡∂≠‡∑ä‡∂≠‡∂ú‡∑ô‡∂±‡∑ä ‡∂á‡∑Ñ‡∑î‡∑Ä‡∑è ‡∑Ä‡∑í‡∂∑‡∑è‡∂ú‡∑ô‡∂ß ‡∑É‡∂≠‡∑í‡∂∫‡∂∫‡∑í ‡∂∏‡∑ú‡∂ö‡∂Ø ‡∂ö‡∂ª‡∂±‡∑ä‡∂±‡∑ö ‡∂ö‡∑í‡∂∫‡∂Ω‡∑è. ‡∂≠‡∑è‡∂≠‡∑ä‡∂≠‡∑è ‡∂ö‡∑í‡∑Ä‡∑ä‡∑Ä‡∑ö A/L ‡∂ö‡∑í‡∂∫‡∂±‡∑ä‡∂±‡∑ö ‡∂¢‡∑ì‡∑Ä‡∑í‡∂≠‡∑ö ‡∂±‡∑ô‡∂∏‡∑ô‡∂∫‡∑í, ‡∂∫‡∑è‡∂Ω‡∑î‡∑Ä‡∑è ‡∑Ä‡∑ô‡∂±‡∑î‡∑Ä‡∑ô‡∂±‡∑ä ‡∂¥‡∑î‡∑Ö‡∑î‡∑Ä‡∂±‡∑ä ‡∂Ø‡∑ô‡∂∫‡∂ö‡∑ä ‡∂ö‡∂ª‡∂±‡∑ä‡∂± ‡∂ö‡∑í‡∂∫‡∂Ω‡∑è. (1/2) https://t.co/QxLCGvl28r",False,"[0, 280]","{'hashtags': [], 'symbols': [], 'user_mentions': [], 'urls': [], 'media': [{'id': 1388329553672773635, 'id_str': '1388329553672773635', 'indices': [281, 304], 'media_url': 'http://pbs.twimg.com/media/E0RWX5XXoAMoHJa.jpg', 'media_url_https': 'https://pbs.twimg.com/media/E0RWX5XXoAMoHJa.jpg', 'url': 'https://t.co/QxLCGvl28r', 'display_url': 'pic.twitter.com/QxLCGvl28r', 'expanded_url': 'https://twitter.com/nandanamihindu/status/1388329559075008512/photo/1', 'type': 'photo', 'original_info': {'width': 960, 'height': 540, 'focus_rects': [{'x': 0, 'y': 2, 'h': 538, 'w': 960}, {'x': 420, 'y': 0, 'h': 540, 'w': 540}, {'x': 486, 'y': 0, 'h': 540, 'w': 474}, {'x': 609, 'y': 0, 'h': 540, 'w': 270}, {'x': 0, 'y': 0, 'h': 540, 'w': 960}]}, 'sizes': {'thumb': {'w': 150, 'h': 150, 'resize': 'crop'}, 'large': {'w': 960, 'h': 540, 'resize': 'fit'}, 'small': {'w': 680, 'h': 383, 'resize': 'fit'}, 'medium': {'w': 960, 'h': 540, 'resize': 'fit'}}, 'features': {'large': {'faces': [{'x': 352, 'y': 228, 'h': 96, 'w': 96}, {'x': 406, 'y': 10, 'h': 152, 'w': 152}]}, 'orig': {'faces': [{'x': 352, 'y': 228, 'h': 96, 'w': 96}, {'x': 406, 'y': 10, 'h': 152, 'w': 152}]}, 'small': {'faces': [{'x': 249, 'y': 161, 'h': 68, 'w': 68}, {'x': 287, 'y': 7, 'h': 107, 'w': 107}]}, 'medium': {'faces': [{'x': 352, 'y': 228, 'h': 96, 'w': 96}, {'x': 406, 'y': 10, 'h': 152, 'w': 152}]}}}]}","<a href=""http://twitter.com/download/android"" rel=""nofollow"">Twitter for Android</a>",,,,,,15287607,15287607,,,,,False,24,196,4,1,1.38832955907501E+018,1.38832955907501E+018,False,False,False,True,,si,,,,,"{'media': [{'id': 1388329553672773635, 'id_str': '1388329553672773635', 'indices': [281, 304], 'media_url': 'http://pbs.twimg.com/media/E0RWX5XXoAMoHJa.jpg', 'media_url_https': 'https://pbs.twimg.com/media/E0RWX5XXoAMoHJa.jpg', 'url': 'https://t.co/QxLCGvl28r', 'display_url': 'pic.twitter.com/QxLCGvl28r', 'expanded_url': 'https://twitter.com/nandanamihindu/status/1388329559075008512/photo/1', 'type': 'photo', 'original_info': {'width': 960, 'height': 540, 'focus_rects': [{'x': 0, 'y': 2, 'h': 538, 'w': 960}, {'x': 420, 'y': 0, 'h': 540, 'w': 540}, {'x': 486, 'y': 0, 'h': 540, 'w': 474}, {'x': 609, 'y': 0, 'h': 540, 'w': 270}, {'x': 0, 'y': 0, 'h': 540, 'w': 960}]}, 'sizes': {'thumb': {'w': 150, 'h': 150, 'resize': 'crop'}, 'large': {'w': 960, 'h': 540, 'resize': 'fit'}, 'small': {'w': 680, 'h': 383, 'resize': 'fit'}, 'medium': {'w': 960, 'h': 540, 'resize': 'fit'}}, 'features': {'large': {'faces': [{'x': 352, 'y': 228, 'h': 96, 'w': 96}, {'x': 406, 'y': 10, 'h': 152, 'w': 152}]}, 'orig': {'faces': [{'x': 352, 'y': 228, 'h': 96, 'w': 96}, {'x': 406, 'y': 10, 'h': 152, 'w': 152}]}, 'small': {'faces': [{'x': 249, 'y': 161, 'h': 68, 'w': 68}, {'x': 287, 'y': 7, 'h': 107, 'w': 107}]}, 'medium': {'faces': [{'x': 352, 'y': 228, 'h': 96, 'w': 96}, {'x': 406, 'y': 10, 'h': 152, 'w': 152}]}}, 'media_key': '3_1388329553672773635', 'ext_media_color': {'palette': [{'rgb': {'red': 189, 'green': 181, 'blue': 168}, 'percentage': 78.27}, {'rgb': {'red': 112, 'green': 109, 'blue': 100}, 'percentage': 10.06}, {'rgb': {'red': 35, 'green': 37, 'blue': 54}, 'percentage': 6.32}, {'rgb': {'red': 94, 'green': 64, 'blue': 56}, 'percentage': 1.19}, {'rgb': {'red': 188, 'green': 199, 'blue': 220}, 'percentage': 0.71}]}, 'ext_alt_text': None, 'ext_media_availability': {'status': 'available'}, 'ext': {'mediaStats': {'r': 'Missing', 'ttl': -1}}}]}","{'id': 1388329559075008512, 'id_str': '1388329559075008512'}",0
98,1.38834997277755E+018,Sat May 01 04:30:02 +0000 2021,1.38834997277755E+018,1.38834997277755E+018,@25ShadesOfBrown @NightWingzzz ‡∂±‡∑ë ‡∂â‡∂≠‡∑í‡∂Ç ‡∂∏‡∂Ç ‡∂ö‡∑í‡∑Ä‡∑ä‡∑Ä‡∑ô ‡∂Ö‡∂¥‡∑í ‡∂Ø‡∑ô‡∂±‡∑ä‡∂± ‡∂ú‡∑ê‡∂Ω‡∂¥‡∑ô‡∂±‡∑Ä ‡∂ö‡∑í‡∂∫‡∂Ω üòå,False,"[31, 73]","{'hashtags': [], 'symbols': [], 'user_mentions': [{'screen_name': '25ShadesOfBrown', 'name': 'chichi·•´·≠°üá®üá¶', 'id': 480050024, 'id_str': '480050024', 'indices': [0, 16]}, {'screen_name': 'NightWingzzz', 'name': 'Nightwing¬Æüá±üá∞', 'id': 2369956382, 'id_str': '2369956382', 'indices': [17, 30]}], 'urls': []}","<a href=""http://twitter.com/download/iphone"" rel=""nofollow"">Twitter for iPhone</a>",1.3883462160068E+018,1.3883462160068E+018,480050024,480050024,25ShadesOfBrown,623929922,623929922,,,,,False,0,0,1,0,1.38834444036063E+018,1.38834444036063E+018,False,False,,,,si,,,,,,,0
101,1.38954863060907E+018,Tue May 04 11:53:04 +0000 2021,1.38954863060907E+018,1.38954863060907E+018,@dil_jayarathne ‡∂¥‡∑Ä‡∑ä‡∂ö‡∑è‡∂ª‡∂∫‡∑ô‡∂ö‡∑ä ‡∂ö‡∑Ä‡∑î‡∂ª‡∑î ‡∂ã‡∂±‡∂≠‡∑ä üòÇüòÇüòÇ,False,"[16, 41]","{'hashtags': [], 'symbols': [], 'user_mentions': [{'screen_name': 'dil_jayarathne', 'name': '‚ö∞Ô∏è√∏¬§‚ò†Ô∏è€©üëπÔ∏è‡∂á‡∂ß ‡∂ö‡∂ß‡∑î‡∑É‡∑äüëπÔ∏è€©‚ò†Ô∏è√∏¬§‚ö∞Ô∏è', 'id': 1058556126566875137, 'id_str': '1058556126566875137', 'indices': [0, 15]}], 'urls': []}","<a href=""http://twitter.com/download/iphone"" rel=""nofollow"">Twitter for iPhone</a>",1.38951407368822E+018,1.38951407368822E+018,1.05855612656688E+018,1.05855612656688E+018,dil_jayarathne,623929922,623929922,,,,,False,0,1,0,0,1.38951407368822E+018,1.38951407368822E+018,False,False,,,,si,,,,,,,0
103,1.38767652526106E+018,Thu Apr 29 07:54:00 +0000 2021,1.38767652526106E+018,1.38767652526106E+018,@Jude_H_Fernando ‡∂¥‡∑ô‡∂±‡∑ä‡∂± ‡∂ö‡∑ô‡∂Ω‡∑ä‡∂Ω‡∑ô‡∂ö‡∑ä ‡∂Ø‡∑è‡∂ú‡∂±‡∑í....‡∂Ø‡∑è‡∂ú‡∂≠‡∑ä‡∂≠‡∂∫...‡∂∫‡∑è‡∂Ω‡∑î‡∑Ä‡∑è ‡∑Ä‡∂ú‡∑ö...‡∂Ö‡∂ª ‡∂ö‡∑ô‡∂Ω‡∑ä‡∂Ω ‡∂ë‡∂ö‡∑ä‡∂ö ‡∂±‡∑ù‡∂∏‡∂Ω‡∑ä ‡∂â‡∂≥‡∂¥‡∂±‡∑ä....üòÅüòåüòå,False,"[17, 96]","{'hashtags': [], 'symbols': [], 'user_mentions': [{'screen_name': 'Jude_H_Fernando', 'name': 'Dr. John H. Watson', 'id': 911206472956223488, 'id_str': '911206472956223488', 'indices': [0, 16]}], 'urls': []}","<a href=""http://twitter.com/download/android"" rel=""nofollow"">Twitter for Android</a>",1.38767467754431E+018,1.38767467754431E+018,9.11206472956224E+017,9.11206472956224E+017,Jude_H_Fernando,3759972254,3759972254,,,,,False,0,1,1,0,1.38490283957575E+018,1.38490283957575E+018,False,False,,,,si,,,,,,,0
105,1.3877753105198E+018,Thu Apr 29 14:26:32 +0000 2021,1.3877753105198E+018,1.3877753105198E+018,‡∂∂‡∑ú‡∂±‡∑ä‡∂± ‡∂ë‡∂¥‡∑è ‡∂ö‡∑í‡∂∫‡∂±‡∑ä‡∂± ‡∂ë‡∂ö‡∑ô‡∂ö‡∑ä ‡∂±‡∑ê‡∂≠‡∑í‡∑Ñ‡∑ê‡∂ß‡∑í ü§ìüíî,False,"[0, 34]","{'hashtags': [], 'symbols': [], 'user_mentions': [], 'urls': []}","<a href=""http://twitter.com/download/iphone"" rel=""nofollow"">Twitter for iPhone</a>",,,,,,2240150923,2240150923,,,,,False,0,30,11,0,1.3877753105198E+018,1.3877753105198E+018,False,False,,,,si,,,,,,,0
106,1.38945202743282E+018,Tue May 04 05:29:12 +0000 2021,1.38945202743282E+018,1.38945202743282E+018,"@donweer7 ‡∂∏‡∂ß ‡∂ö‡∂Ω‡∑í‡∂±‡∑ä ‡∂ë‡∂ö‡∑ô‡∂ö‡∑ä ‡∂ö‡∑í‡∂∫‡∂Ω ‡∑Ä‡∑Ö‡∂Ø‡∑è‡∂Ω.
‡∂Ö‡∂±‡∑í‡∂≠‡∑ä ‡∂ë‡∂ö‡∑ä‡∂ö‡∑ô‡∂±‡∑è‡∂ú‡∑ô ‡∂±‡∂∏ ‡∂ö‡∑í‡∂∫‡∂±‡∑ä‡∂±‡∂∏‡∑ä",False,"[10, 64]","{'hashtags': [], 'symbols': [], 'user_mentions': [{'screen_name': 'donweer7', 'name': 'DonWeer', 'id': 70366634, 'id_str': '70366634', 'indices': [0, 9]}], 'urls': []}","<a href=""http://twitter.com/download/android"" rel=""nofollow"">Twitter for Android</a>",1.38944934312865E+018,1.38944934312865E+018,70366634,70366634,donweer7,1.23158367786959E+018,1.23158367786959E+018,,,,,False,0,3,1,0,1.38943348873925E+018,1.38943348873925E+018,False,False,,,,si,,,,,,,0
111,1.38812891336943E+018,Fri Apr 30 13:51:37 +0000 2021,1.38812891336943E+018,1.38812891336943E+018,@iam_AStr ‡∂ö‡∑Ä‡∑ä‡∂Ø ‡∂Ø‡∂±‡∑ä‡∂±‡∑ë ‡∂í ‡∂±‡∑ô‡∑Ñ‡∑ä üòã,False,"[10, 29]","{'hashtags': [], 'symbols': [], 'user_mentions': [{'screen_name': 'iam_AStr', 'name': '‚í∂‚ìà‚ì£‚ì°‚ìê „ÉÑ', 'id': 1299197195032252417, 'id_str': '1299197195032252417', 'indices': [0, 9]}], 'urls': []}","<a href=""http://twitter.com/download/android"" rel=""nofollow"">Twitter for Android</a>",1.38812573086158E+018,1.38812573086158E+018,1.29919719503225E+018,1.29919719503225E+018,iam_AStr,70366634,70366634,,,,,False,0,2,1,0,1.38810190960554E+018,1.38810190960554E+018,False,False,,,,si,,,,,,,0
112,1.38873812327467E+018,Sun May 02 06:12:24 +0000 2021,1.38873812327467E+018,1.38873812327467E+018,‡∂¢‡∑ê‡∂ö‡∑ä ‡∑É‡∑Ñ ‡∂ª‡∑ù‡∑É‡∑ä ‡∂ö‡∑í‡∂∫‡∂±‡∑ä‡∂±‡∑ô ‡∂∏‡∂±‡∂É‡∂ö‡∂Ω‡∑ä‡∂¥‡∑í‡∂≠ ‡∂†‡∂ª‡∑í‡∂≠ ‡∂Ø‡∑ô‡∂ö‡∂ö‡∑ä ‡∂ö‡∑í‡∂∫‡∂Ω‡∑è ‡∂≠‡∂∏‡∂∫‡∑í ‡∂∏‡∂∏ ‡∂±‡∂∏‡∑ä ‡∂Ö‡∑Ñ‡∂Ω‡∑è ‡∂≠‡∑í‡∂∫‡∑ô‡∂±‡∑ä‡∂±‡∑ô.,False,"[0, 74]","{'hashtags': [], 'symbols': [], 'user_mentions': [], 'urls': []}","<a href=""http://twitter.com/download/android"" rel=""nofollow"">Twitter for Android</a>",,,,,,201395218,201395218,,,,,True,0,2,2,1,1.38873812327467E+018,1.38873812327467E+018,False,False,,,,si,,1.38868529612065E+018,1.38868529612065E+018,"{'url': 'https://t.co/IhH4shlVJx', 'expanded': 'https://twitter.com/maashi_piries/status/1388685296120651778', 'display': 'twitter.com/maashi_piries/‚Ä¶'}",,,0
114,1.38947215344423E+018,Tue May 04 06:49:11 +0000 2021,1.38947215344423E+018,1.38947215344423E+018,@Imali_Wi ‡∂∫‡∑è‡∑Ö‡∑î‡∑Ä‡∂ú‡∑ö ‡∂ú‡∑ô‡∂Ø‡∂ª ‡∂±‡∑ë‡∑Ä‡∑ì‡∂Ø‡∑í‡∂±‡∑ä ‡∂∂‡∑ë‡∂±‡∑ö.,False,"[10, 37]","{'hashtags': [], 'symbols': [], 'user_mentions': [{'screen_name': 'Imali_Wi', 'name': 'I M A L I', 'id': 1216502361994276864, 'id_str': '1216502361994276864', 'indices': [0, 9]}], 'urls': []}","<a href=""https://mobile.twitter.com"" rel=""nofollow"">Twitter Web App</a>",1.38924997164849E+018,1.38924997164849E+018,1.21650236199428E+018,1.21650236199428E+018,Imali_Wi,2369956382,2369956382,,,,,False,0,2,3,0,1.38924997164849E+018,1.38924997164849E+018,False,False,,,,si,,,,,,,0
115,1.38777686841434E+018,Thu Apr 29 14:32:43 +0000 2021,1.38777686841434E+018,1.38777686841434E+018,"@mystery_tweep ‡∂∂‡∑ú‡∂±‡∑ä‡∂± ‡∂ë‡∂¥‡∑è ‡∂∏‡∂†‡∂±‡∑ä, ‡∂≠‡∂±‡∑í‡∂∫‡∂∏.",False,"[15, 37]","{'hashtags': [], 'symbols': [], 'user_mentions': [{'screen_name': 'mystery_tweep', 'name': '‡∂∏‡∂ö‡∂ª‡∑ô‡∂ö‡∑ä üî• ‚ô°', 'id': 2240150923, 'id_str': '2240150923', 'indices': [0, 14]}], 'urls': []}","<a href=""http://twitter.com/download/iphone"" rel=""nofollow"">Twitter for iPhone</a>",1.3877753105198E+018,1.3877753105198E+018,2240150923,2240150923,mystery_tweep,623929922,623929922,,,,,False,0,1,1,0,1.3877753105198E+018,1.3877753105198E+018,False,False,,,,si,,,,,,,0
116,1.38917339181544E+018,Mon May 03 11:02:00 +0000 2021,1.38917339181544E+018,1.38917339181544E+018,@Thish_D üòÇüòÇüòÇüòÇüíî ‡∑É‡∂∏‡∑ñ‡∂Ω ‡∂ù‡∑Ñ‡∂≠‡∂±‡∂∫‡∂ß ‡∑É‡∑ä‡∂≠‡∑ñ‡∂≠‡∑í‡∂∫,False,"[9, 34]","{'hashtags': [], 'symbols': [], 'user_mentions': [{'screen_name': 'Thish_D', 'name': '‡∂¥‡∂ª‡∑è‡∂ª‡∑ä‡∂≠‡∂ö‡∑è‡∂∏‡∑ì ‡∂ö‡∂ª‡∑î‡∂´‡∑è‡∑Ä‡∂±‡∑ä‡∂≠ ‡∂∫‡∑è‡∂Ω‡∑î‡∑Ä‡∑è', 'id': 623929922, 'id_str': '623929922', 'indices': [0, 8]}], 'urls': []}","<a href=""http://twitter.com/download/iphone"" rel=""nofollow"">Twitter for iPhone</a>",1.38917233881857E+018,1.38917233881857E+018,623929922,623929922,Thish_D,4867064842,4867064842,,,,,False,0,1,1,0,1.38917233881857E+018,1.38917233881857E+018,False,False,,,,si,,,,,,,0
117,1.38812981570263E+018,Fri Apr 30 13:55:12 +0000 2021,1.38812981570263E+018,1.38812981570263E+018,@donweer7 ‡∂†‡∑ì‡∑É‡∑ä ‡∂∂‡∂©‡∑è ‡∂ú‡∑ê‡∂±‡∂Ø ‡∂á‡∑Ñ‡∑î‡∑Ä‡∑ö? ‡∂∫‡∑è‡∂Ω‡∑î‡∑Ä‡∑è ‡∂ö‡∑Ä‡∑î‡∂Ø ‡∂ö‡∑í‡∂∫‡∂Ω‡∂Ø,False,"[10, 48]","{'hashtags': [], 'symbols': [], 'user_mentions': [{'screen_name': 'donweer7', 'name': 'DonWeer', 'id': 70366634, 'id_str': '70366634', 'indices': [0, 9]}], 'urls': []}","<a href=""http://twitter.com/download/android"" rel=""nofollow"">Twitter for Android</a>",1.38812891336943E+018,1.38812891336943E+018,70366634,70366634,donweer7,1.29919719503225E+018,1.29919719503225E+018,,,,,False,0,1,1,0,1.38810190960554E+018,1.38810190960554E+018,False,False,,,,si,,,,,,,0
